neighbors,residue 1 position,residue 1,atom 1,residue 2 position,residue 2,atom 2,frames with contact,total frames,proportion frames (%)
SER715_HB3-ARG661_HH22,715,SER,HB3,661,ARG,HH22,2524,245000,1.0
SER715_OG-ARG661_HH22,715,SER,OG,661,ARG,HH22,2569,245000,1.0
ALA720_O-ARG661_HH21,720,ALA,O,661,ARG,HH21,12799,245000,5.2
HIE721_N-ARG661_HE,721,HIE,N,661,ARG,HE,16494,245000,6.7
HIE721_N-ARG661_NH2,721,HIE,N,661,ARG,NH2,12897,245000,5.3
HIE721_N-ARG661_HH21,721,HIE,N,661,ARG,HH21,18279,245000,7.5
PHE737_CE2-ARG657_HD3,737,PHE,CE2,657,ARG,HD3,3136,245000,1.3
VAL743_CG1-ARG661_O,743,VAL,CG1,661,ARG,O,19210,245000,7.8
PHE744_HB3-GLN660_O,744,PHE,HB3,660,GLN,O,3333,245000,1.4
PHE744_HB3-ARG661_HA,744,PHE,HB3,661,ARG,HA,22053,245000,9.0
PHE744_C-ARG661_O,744,PHE,C,661,ARG,O,3402,245000,1.4
PRO745_N-ARG661_HA,745,PRO,N,661,ARG,HA,25500,245000,10.4
PRO745_N-ARG661_HG2,745,PRO,N,661,ARG,HG2,3424,245000,1.4
PRO746_N-GLN660_HG2,746,PRO,N,660,GLN,HG2,16242,245000,6.6
PRO746_N-GLN660_NE2,746,PRO,N,660,GLN,NE2,12758,245000,5.2
PRO746_N-GLN660_HE22,746,PRO,N,660,GLN,HE22,18416,245000,7.5
PRO746_CG-ARG661_HG2,746,PRO,CG,661,ARG,HG2,3067,245000,1.3
PRO746_CG-ARG661_HG3,746,PRO,CG,661,ARG,HG3,59092,245000,24.1
PRO746_CB-ARG661_HD2,746,PRO,CB,661,ARG,HD2,3496,245000,1.4
PRO746_HB3-ARG657_HB3,746,PRO,HB3,657,ARG,HB3,12445,245000,5.1
PRO746_HB3-ARG657_HG2,746,PRO,HB3,657,ARG,HG2,2823,245000,1.2
PRO746_CA-ARG657_HB3,746,PRO,CA,657,ARG,HB3,2789,245000,1.1
PRO746_CA-ARG661_HG3,746,PRO,CA,661,ARG,HG3,111711,245000,45.6
PRO746_C-GLN660_HB3,746,PRO,C,660,GLN,HB3,23901,245000,9.8
PRO747_HD3-ARG657_HA,747,PRO,HD3,657,ARG,HA,31655,245000,12.9
PRO747_HD3-ARG657_HG2,747,PRO,HD3,657,ARG,HG2,15168,245000,6.2
PRO747_CG-GLN660_HB3,747,PRO,CG,660,GLN,HB3,27933,245000,11.4
PRO747_CG-GLN660_CD,747,PRO,CG,660,GLN,CD,13850,245000,5.7
PRO747_CG-GLN660_OE1,747,PRO,CG,660,GLN,OE1,10568,245000,4.3
PRO747_O-ARG657_HH11,747,PRO,O,657,ARG,HH11,26004,245000,10.6
SER748_N-ARG657_NH1,748,SER,N,657,ARG,NH1,47154,245000,19.2
SER748_N-ARG657_HH11,748,SER,N,657,ARG,HH11,169212,245000,69.1
GLU749_CA-ARG657_HH12,749,GLU,CA,657,ARG,HH12,150801,245000,61.6
GLU749_OE1-HIE653_HE2,749,GLU,OE1,653,HIE,HE2,110393,245000,45.1
GLU749_OE1-ARG657_HH12,749,GLU,OE1,657,ARG,HH12,243636,245000,99.4
GLU749_OE1-ARG657_HH22,749,GLU,OE1,657,ARG,HH22,216383,245000,88.3
GLU749_OE2-HIE653_HE2,749,GLU,OE2,653,HIE,HE2,98813,245000,40.3
GLU749_OE2-ARG657_HH12,749,GLU,OE2,657,ARG,HH12,236210,245000,96.4
GLU749_OE2-ARG657_NH2,749,GLU,OE2,657,ARG,NH2,61460,245000,25.1
GLU749_OE2-ARG657_HH22,749,GLU,OE2,657,ARG,HH22,183267,245000,74.8
GLU749_C-HIE653_HE2,749,GLU,C,653,HIE,HE2,101791,245000,41.5
GLU749_C-ARG657_NH1,749,GLU,C,657,ARG,NH1,113050,245000,46.1
GLU749_C-ARG657_HH12,749,GLU,C,657,ARG,HH12,234916,245000,95.9
GLU749_C-ARG657_HH22,749,GLU,C,657,ARG,HH22,162570,245000,66.4
PRO755_HD3-THR225_O,755,PRO,HD3,225,THR,O,22367,245000,9.1
SER756_CB-SER226_HA,756,SER,CB,226,SER,HA,33143,245000,13.5
PRO760_HD3-THR202_OG1,760,PRO,HD3,202,THR,OG1,42197,245000,17.2
PRO760_HD3-GLY294_HA2,760,PRO,HD3,294,GLY,HA2,55134,245000,22.5
PRO760_HD3-PRO295_HD3,760,PRO,HD3,295,PRO,HD3,49053,245000,20.0
PRO760_HG3-GLY294_HA2,760,PRO,HG3,294,GLY,HA2,104960,245000,42.8
PRO760_HG3-PRO295_HD3,760,PRO,HG3,295,PRO,HD3,49717,245000,20.3
VAL761_N-PHE293_HA,761,VAL,N,293,PHE,HA,172944,245000,70.6
VAL761_N-GLY294_N,761,VAL,N,294,GLY,N,103345,245000,42.2
VAL761_N-GLY294_H,761,VAL,N,294,GLY,H,214922,245000,87.7
VAL761_CB-PHE293_HA,761,VAL,CB,293,PHE,HA,216221,245000,88.3
SER762_H-ILE292_O,762,SER,H,292,ILE,O,124164,245000,50.7
SER762_CA-ILE292_O,762,SER,CA,292,ILE,O,241405,245000,98.5
SER762_OG-ILE292_HA,762,SER,OG,292,ILE,HA,16023,245000,6.5
SER762_OG-SER298_HB2,762,SER,OG,298,SER,HB2,43479,245000,17.7
SER762_HG-SER298_H,762,SER,HG,298,SER,H,51297,245000,20.9
SER762_C-SER298_H,762,SER,C,298,SER,H,44782,245000,18.3
LYS763_NZ-GLN660_HG3,763,LYS,NZ,660,GLN,HG3,13048,245000,5.3
LYS763_NZ-GLN660_O,763,LYS,NZ,660,GLN,O,10615,245000,4.3
LYS763_HZ1-ASN585_O,763,LYS,HZ1,585,ASN,O,38764,245000,15.8
LYS763_HZ1-SER663_O,763,LYS,HZ1,663,SER,O,40392,245000,16.5
LYS763_HZ1-LEU664_O,763,LYS,HZ1,664,LEU,O,20067,245000,8.2
LYS763_HZ3-SER663_O,763,LYS,HZ3,663,SER,O,10349,245000,4.2
PRO764_N-SER298_HB2,764,PRO,N,298,SER,HB2,26376,245000,10.8
PRO764_N-SER298_HG,764,PRO,N,298,SER,HG,35591,245000,14.5
THR765_N-SER300_HG,765,THR,N,300,SER,HG,12649,245000,5.2
THR765_CB-SER298_OG,765,THR,CB,298,SER,OG,35093,245000,14.3
THR765_CB-SER298_HG,765,THR,CB,298,SER,HG,41363,245000,16.9
THR765_C-PRO299_HD2,765,THR,C,299,PRO,HD2,10673,245000,4.4
THR765_C-ALA371_HA,765,THR,C,371,ALA,HA,72074,245000,29.4
ASN766_HD22-THR374_OG1,766,ASN,HD22,374,THR,OG1,57930,245000,23.6
ASN766_HD22-THR374_HG1,766,ASN,HD22,374,THR,HG1,49295,245000,20.1
PRO768_N-SER300_HA,768,PRO,N,300,SER,HA,14504,245000,5.9
PRO768_C-PRO299_HB2,768,PRO,C,299,PRO,HB2,18424,245000,7.5
PRO768_C-PRO299_O,768,PRO,C,299,PRO,O,35734,245000,14.6
SER769_H-PRO299_O,769,SER,H,299,PRO,O,22672,245000,9.3
SER769_CA-PRO299_O,769,SER,CA,299,PRO,O,54415,245000,22.2
SER769_CB-PRO587_HB3,769,SER,CB,587,PRO,HB3,3222,245000,1.3
SER769_CB-PRO587_CA,769,SER,CB,587,PRO,CA,2629,245000,1.1
SER769_CB-PRO587_HA,769,SER,CB,587,PRO,HA,69800,245000,28.5
SER769_CB-PRO587_O,769,SER,CB,587,PRO,O,37777,245000,15.4
SER769_OG-PRO303_HA,769,SER,OG,303,PRO,HA,56116,245000,22.9
SER769_HG-PRO587_HA,769,SER,HG,587,PRO,HA,21380,245000,8.7
LEU770_CA-PRO587_O,770,LEU,CA,587,PRO,O,50871,245000,20.8
ASN771_N-GLN589_H,771,ASN,N,589,GLN,H,12020,245000,4.9
ASN771_H-GLN589_O,771,ASN,H,589,GLN,O,64663,245000,26.4
ASN771_CA-GLN589_HB2,771,ASN,CA,589,GLN,HB2,39821,245000,16.3
ASN771_CA-GLN589_O,771,ASN,CA,589,GLN,O,97283,245000,39.7
ASN771_HB3-GLN589_HB2,771,ASN,HB3,589,GLN,HB2,40404,245000,16.5
ASN771_CG-PRO303_HB3,771,ASN,CG,303,PRO,HB3,47740,245000,19.5
ASN771_HD22-HIE581_CG,771,ASN,HD22,581,HIE,CG,12069,245000,4.9
ASN771_C-GLN589_OE1,771,ASN,C,589,GLN,OE1,85271,245000,34.8
LEU774_N-ALA305_HA,774,LEU,N,305,ALA,HA,80109,245000,32.7
GLY778_C-GLU503_HG3,778,GLY,C,503,GLU,HG3,2631,245000,1.1
LYS779_HZ1-GLU503_OE2,779,LYS,HZ1,503,GLU,OE2,44114,245000,18.0
SER782_HG-ARG426_HD2,782,SER,HG,426,ARG,HD2,3158,245000,1.3
SER782_HG-ARG426_HH11,782,SER,HG,426,ARG,HH11,18441,245000,7.5
SER782_C-ARG426_HH11,782,SER,C,426,ARG,HH11,18113,245000,7.4
ALA783_CB-TRP476_HA,783,ALA,CB,476,TRP,HA,17151,245000,7.0
ALA783_CB-TRP476_CD1,783,ALA,CB,476,TRP,CD1,13856,245000,5.7
ALA783_CB-TRP476_HD1,783,ALA,CB,476,TRP,HD1,16143,245000,6.6
LEU784_CA-TRP476_CD1,784,LEU,CA,476,TRP,CD1,17318,245000,7.1
LEU784_CA-TRP476_HD1,784,LEU,CA,476,TRP,HD1,10695,245000,4.4
LEU784_CA-TRP476_NE1,784,LEU,CA,476,TRP,NE1,16778,245000,6.8
ALA785_CB-LEU491_HB2,785,ALA,CB,491,LEU,HB2,2947,245000,1.2
GLU786_N-GLY490_HA3,786,GLU,N,490,GLY,HA3,12341,245000,5.0
GLU786_N-LEU491_N,786,GLU,N,491,LEU,N,2506,245000,1.0
GLU786_N-LEU491_H,786,GLU,N,491,LEU,H,41831,245000,17.1
GLU786_CB-GLU489_O,786,GLU,CB,489,GLU,O,17658,245000,7.2
GLU786_CB-GLY490_HA3,786,GLU,CB,490,GLY,HA3,58283,245000,23.8
GLU786_CG-LYS469_HE3,786,GLU,CG,469,LYS,HE3,14025,245000,5.7
GLU786_OE1-TRP476_HE1,786,GLU,OE1,476,TRP,HE1,17326,245000,7.1
GLU786_OE2-TRP476_NE1,786,GLU,OE2,476,TRP,NE1,3804,245000,1.6
GLU786_OE2-TRP476_HE1,786,GLU,OE2,476,TRP,HE1,15921,245000,6.5
GLU786_C-LYS475_NZ,786,GLU,C,475,LYS,NZ,4687,245000,1.9
VAL787_H-GLU489_O,787,VAL,H,489,GLU,O,10308,245000,4.2
VAL787_CA-GLU489_O,787,VAL,CA,489,GLU,O,19721,245000,8.0
VAL787_CA-GLY490_HA3,787,VAL,CA,490,GLY,HA3,107500,245000,43.9
LYS790_N-GLY490_HA2,790,LYS,N,490,GLY,HA2,57889,245000,23.6
LYS790_HB3-GLY490_O,790,LYS,HB3,490,GLY,O,24591,245000,10.0
LYS790_HZ1-VAL507_O,790,LYS,HZ1,507,VAL,O,177764,245000,72.6
LYS790_HZ2-VAL507_O,790,LYS,HZ2,507,VAL,O,26423,245000,10.8
LYS790_C-VAL507_O,790,LYS,C,507,VAL,O,18084,245000,7.4
LYS791_HB3-GLY490_O,791,LYS,HB3,490,GLY,O,10288,245000,4.2
LYS791_HZ1-VAL492_O,791,LYS,HZ1,492,VAL,O,106177,245000,43.3
LYS791_HZ1-ASP494_OD2,791,LYS,HZ1,494,ASP,OD2,13870,245000,5.7
LYS792_N-ARG458_HH12,792,LYS,N,458,ARG,HH12,220814,245000,90.1
LYS792_CA-ASP173_CG,792,LYS,CA,173,ASP,CG,137073,245000,55.9
LYS792_CA-ASP173_OD2,792,LYS,CA,173,ASP,OD2,157632,245000,64.3
LYS792_CA-ARG458_HH12,792,LYS,CA,458,ARG,HH12,160665,245000,65.6
LYS792_HB3-TRP170_HD1,792,LYS,HB3,170,TRP,HD1,41820,245000,17.1
LYS792_HZ1-ASP168_O,792,LYS,HZ1,168,ASP,O,124722,245000,50.9
LYS793_CD-ARG458_HH21,793,LYS,CD,458,ARG,HH21,13161,245000,5.4
LYS793_NZ-SER151_HB2,793,LYS,NZ,151,SER,HB2,55970,245000,22.8
LYS793_HZ1-GLU176_OE1,793,LYS,HZ1,176,GLU,OE1,101550,245000,41.4
LYS793_HZ2-GLU176_OE1,793,LYS,HZ2,176,GLU,OE1,10247,245000,4.2
LYS793_HZ2-GLU176_OE2,793,LYS,HZ2,176,GLU,OE2,25791,245000,10.5
LYS793_HZ3-GLU176_OE1,793,LYS,HZ3,176,GLU,OE1,2856,245000,1.2
LYS793_HZ3-GLU176_OE2,793,LYS,HZ3,176,GLU,OE2,26013,245000,10.6
THR794_CB-ARG458_HG2,794,THR,CB,458,ARG,HG2,2725,245000,1.1
THR794_CB-GLU489_HG3,794,THR,CB,489,GLU,HG3,82499,245000,33.7
ASP795_N-LYS465_NZ,795,ASP,N,465,LYS,NZ,90387,245000,36.9
SER796_N-GLU176_HG3,796,SER,N,176,GLU,HG3,43346,245000,17.7
SER796_N-ARG458_HE,796,SER,N,458,ARG,HE,230341,245000,94.0
SER796_CA-GLU176_HG3,796,SER,CA,176,GLU,HG3,131965,245000,53.9
THR797_CB-LYS465_HE2,797,THR,CB,465,LYS,HE2,136995,245000,55.9
SER798_CB-ARG460_O,798,SER,CB,460,ARG,O,20588,245000,8.4
PRO806_C-ALA154_O,806,PRO,C,154,ALA,O,24744,245000,10.1
THR807_CA-ALA154_O,807,THR,CA,154,ALA,O,28850,245000,11.8
PRO809_HD3-ARG143_HD3,809,PRO,HD3,143,ARG,HD3,2641,245000,1.1
LEU810_N-ARG143_HH11,810,LEU,N,143,ARG,HH11,3301,245000,1.3
PRO820_C-PRO100_HB3,820,PRO,C,100,PRO,HB3,17705,245000,7.2
SER822_N-PRO126_HD2,822,SER,N,126,PRO,HD2,2501,245000,1.0
SER822_CB-PRO126_HD2,822,SER,CB,126,PRO,HD2,77051,245000,31.4
SER822_HG-PRO126_HD2,822,SER,HG,126,PRO,HD2,78717,245000,32.1
SER822_HG-ALA127_H,822,SER,HG,127,ALA,H,88334,245000,36.1
SER822_C-ALA127_H,822,SER,C,127,ALA,H,63190,245000,25.8
PRO823_HD3-GLY125_HA3,823,PRO,HD3,125,GLY,HA3,75895,245000,31.0
PRO823_C-ASN97_OD1,823,PRO,C,97,ASN,OD1,13632,245000,5.6
THR824_CA-ASN97_OD1,824,THR,CA,97,ASN,OD1,45189,245000,18.4
THR824_CB-PRO122_HB3,824,THR,CB,122,PRO,HB3,11341,245000,4.6
THR824_CG2-ASN97_HB2,824,THR,CG2,97,ASN,HB2,15873,245000,6.5
THR824_HG1-ARG94_NH1,824,THR,HG1,94,ARG,NH1,14350,245000,5.9
THR824_HG1-ARG94_HH11,824,THR,HG1,94,ARG,HH11,26872,245000,11.0
THR824_C-GLU60_OE2,824,THR,C,60,GLU,OE2,2687,245000,1.1
THR824_C-ARG94_HD2,824,THR,C,94,ARG,HD2,13640,245000,5.6
THR824_C-ARG94_HH11,824,THR,C,94,ARG,HH11,18618,245000,7.6
THR825_N-ARG124_HE,825,THR,N,124,ARG,HE,83128,245000,33.9
THR825_N-ARG124_NH2,825,THR,N,124,ARG,NH2,52731,245000,21.5
THR825_N-ARG124_HH21,825,THR,N,124,ARG,HH21,92661,245000,37.8
THR825_CA-ARG94_NH1,825,THR,CA,94,ARG,NH1,17777,245000,7.3
THR825_CA-ARG94_HH11,825,THR,CA,94,ARG,HH11,17990,245000,7.3
THR825_CA-ARG94_HH12,825,THR,CA,94,ARG,HH12,19507,245000,8.0
THR825_CB-ARG124_HE,825,THR,CB,124,ARG,HE,2631,245000,1.1
THR825_HB-ARG94_HH12,825,THR,HB,94,ARG,HH12,11366,245000,4.6
THR825_HG21-THR123_H,825,THR,HG21,123,THR,H,15358,245000,6.3
THR825_HG22-THR123_H,825,THR,HG22,123,THR,H,15396,245000,6.3
THR825_HG23-THR123_H,825,THR,HG23,123,THR,H,15500,245000,6.3
THR825_OG1-THR123_H,825,THR,OG1,123,THR,H,15297,245000,6.2
THR825_HG1-ARG94_NH1,825,THR,HG1,94,ARG,NH1,17028,245000,7.0
THR825_HG1-ARG94_HH12,825,THR,HG1,94,ARG,HH12,19800,245000,8.1
THR825_HG1-ARG94_HH22,825,THR,HG1,94,ARG,HH22,14744,245000,6.0
THR825_C-ARG94_HH12,825,THR,C,94,ARG,HH12,61313,245000,25.0
THR825_C-ARG94_HH22,825,THR,C,94,ARG,HH22,2650,245000,1.1
ARG827_HH12-GLU891_CD,827,ARG,HH12,891,GLU,CD,215677,245000,88.0
ARG827_HH12-GLU891_OE1,827,ARG,HH12,891,GLU,OE1,113013,245000,46.1
ARG827_HH12-GLU891_OE2,827,ARG,HH12,891,GLU,OE2,117149,245000,47.8
ARG831_NH2-GLU891_OE1,831,ARG,NH2,891,GLU,OE1,10305,245000,4.2
ARG831_NH2-GLU891_OE2,831,ARG,NH2,891,GLU,OE2,2630,245000,1.1
ARG831_HH22-PRO911_HA,831,ARG,HH22,911,PRO,HA,2867,245000,1.2
ARG831_C-GLU891_CD,831,ARG,C,891,GLU,CD,15959,245000,6.5
ARG831_C-GLU891_OE1,831,ARG,C,891,GLU,OE1,13922,245000,5.7
ARG831_C-GLU891_OE2,831,ARG,C,891,GLU,OE2,13891,245000,5.7
GLU832_CD-PHE57_HZ,832,GLU,CD,57,PHE,HZ,192658,245000,78.6
PRO833_HB3-SER39_HB2,833,PRO,HB3,39,SER,HB2,59062,245000,24.1
VAL835_N-SER39_HA,835,VAL,N,39,SER,HA,184403,245000,75.3
VAL835_N-ARG40_N,835,VAL,N,40,ARG,N,35127,245000,14.3
VAL835_N-ARG40_H,835,VAL,N,40,ARG,H,241261,245000,98.5
VAL835_CB-ARG40_H,835,VAL,CB,40,ARG,H,162862,245000,66.5
VAL835_CB-ARG40_HB2,835,VAL,CB,40,ARG,HB2,241073,245000,98.4
VAL835_CG1-LEU38_O,835,VAL,CG1,38,LEU,O,197635,245000,80.7
VAL835_CG1-SER39_HA,835,VAL,CG1,39,SER,HA,212437,245000,86.7
SER836_N-PHE889_HE1,836,SER,N,889,PHE,HE1,31248,245000,12.8
SER836_CA-ARG40_HD2,836,SER,CA,40,ARG,HD2,220027,245000,89.8
SER836_CB-PHE889_HE1,836,SER,CB,889,PHE,HE1,113288,245000,46.2
SER836_HB3-ARG40_HD3,836,SER,HB3,40,ARG,HD3,12044,245000,4.9
SER836_HB3-PHE860_O,836,SER,HB3,860,PHE,O,22255,245000,9.1
SER836_OG-PHE860_O,836,SER,OG,860,PHE,O,2881,245000,1.2
SER836_OG-PHE889_HZ,836,SER,OG,889,PHE,HZ,22307,245000,9.1
PRO837_N-ARG40_NH1,837,PRO,N,40,ARG,NH1,164307,245000,67.1
PRO837_N-ARG40_HH11,837,PRO,N,40,ARG,HH11,240166,245000,98.0
PRO837_HD3-ARG888_HB3,837,PRO,HD3,888,ARG,HB3,222270,245000,90.7
PRO837_HD3-ARG888_HG2,837,PRO,HD3,888,ARG,HG2,157332,245000,64.2
PRO837_HD3-ARG888_HD3,837,PRO,HD3,888,ARG,HD3,121674,245000,49.7
PRO837_HG3-PHE57_HB2,837,PRO,HG3,57,PHE,HB2,209527,245000,85.5
PRO837_HG3-ARG888_HG2,837,PRO,HG3,888,ARG,HG2,121653,245000,49.7
PRO837_HB3-LEU55_HB2,837,PRO,HB3,55,LEU,HB2,179940,245000,73.4
PRO837_HB3-ARG888_HG2,837,PRO,HB3,888,ARG,HG2,185292,245000,75.6
PRO837_HB3-ARG888_HE,837,PRO,HB3,888,ARG,HE,81448,245000,33.2
PRO837_CA-LEU55_HB2,837,PRO,CA,55,LEU,HB2,10902,245000,4.4
PRO837_O-ARG888_HE,837,PRO,O,888,ARG,HE,103864,245000,42.4
PRO838_N-PHE860_HB3,838,PRO,N,860,PHE,HB3,151071,245000,61.7
PRO838_N-ARG888_NE,838,PRO,N,888,ARG,NE,101385,245000,41.4
PRO838_N-ARG888_HE,838,PRO,N,888,ARG,HE,241436,245000,98.5
PRO838_CG-THR43_CG2,838,PRO,CG,43,THR,CG2,68863,245000,28.1
PRO838_CG-THR43_HG21,838,PRO,CG,43,THR,HG21,66592,245000,27.2
PRO838_CG-THR43_HG22,838,PRO,CG,43,THR,HG22,67553,245000,27.6
PRO838_CG-THR43_HG23,838,PRO,CG,43,THR,HG23,66808,245000,27.3
PRO838_CA-GLU861_OE2,838,PRO,CA,861,GLU,OE2,39776,245000,16.2
PRO838_C-ARG40_HH12,838,PRO,C,40,ARG,HH12,189861,245000,77.5
PRO838_C-GLU861_OE1,838,PRO,C,861,GLU,OE1,195588,245000,79.8
PRO838_C-GLU861_OE2,838,PRO,C,861,GLU,OE2,189147,245000,77.2
PRO838_O-ARG888_HH21,838,PRO,O,888,ARG,HH21,207376,245000,84.6
ALA839_N-ARG888_NH2,839,ALA,N,888,ARG,NH2,211598,245000,86.4
ALA839_N-ARG888_HH21,839,ALA,N,888,ARG,HH21,243831,245000,99.5
ALA839_H-GLU861_OE1,839,ALA,H,861,GLU,OE1,68645,245000,28.0
ALA839_CA-GLU861_CD,839,ALA,CA,861,GLU,CD,93531,245000,38.2
ALA839_CA-GLU861_OE1,839,ALA,CA,861,GLU,OE1,74444,245000,30.4
ARG840_N-GLN51_HB2,840,ARG,N,51,GLN,HB2,57082,245000,23.3
ARG840_N-PRO52_HA,840,ARG,N,52,PRO,HA,225435,245000,92.0
ARG840_CA-SER858_HB3,840,ARG,CA,858,SER,HB3,11804,245000,4.8
ARG840_CA-GLU861_OE1,840,ARG,CA,861,GLU,OE1,70333,245000,28.7
ARG840_CB-GLN51_HB2,840,ARG,CB,51,GLN,HB2,135448,245000,55.3
ARG840_CB-GLN51_OE1,840,ARG,CB,51,GLN,OE1,96931,245000,39.6
ARG840_CG-SER858_HB2,840,ARG,CG,858,SER,HB2,3345,245000,1.4
ARG840_HD3-GLY857_HA2,840,ARG,HD3,857,GLY,HA2,16323,245000,6.7
ARG840_CZ-GLU17_CD,840,ARG,CZ,17,GLU,CD,26916,245000,11.0
ARG840_CZ-GLU17_OE1,840,ARG,CZ,17,GLU,OE1,85355,245000,34.8
ARG840_CZ-GLU17_OE2,840,ARG,CZ,17,GLU,OE2,83423,245000,34.1
ARG840_HH11-GLU980_OE2,840,ARG,HH11,980,GLU,OE2,81632,245000,33.3
ARG840_NH2-GLU980_CD,840,ARG,NH2,980,GLU,CD,227830,245000,93.0
ARG840_NH2-GLU980_OE1,840,ARG,NH2,980,GLU,OE1,175081,245000,71.5
ARG840_NH2-GLU980_OE2,840,ARG,NH2,980,GLU,OE2,125714,245000,51.3
ARG840_HH21-GLU17_OE1,840,ARG,HH21,17,GLU,OE1,142797,245000,58.3
ARG840_HH21-GLU17_OE2,840,ARG,HH21,17,GLU,OE2,124870,245000,51.0
ARG840_HH21-GLU980_OE1,840,ARG,HH21,980,GLU,OE1,76010,245000,31.0
ARG840_HH22-GLU17_CD,840,ARG,HH22,17,GLU,CD,243835,245000,99.5
ARG840_HH22-GLU17_OE1,840,ARG,HH22,17,GLU,OE1,240130,245000,98.0
ARG840_HH22-GLU17_OE2,840,ARG,HH22,17,GLU,OE2,238224,245000,97.2
ARG840_C-GLU980_CD,840,ARG,C,980,GLU,CD,244288,245000,99.7
ARG840_C-GLU980_OE1,840,ARG,C,980,GLU,OE1,241052,245000,98.4
ARG840_C-GLU980_OE2,840,ARG,C,980,GLU,OE2,240606,245000,98.2
THR841_N-GLU861_HG3,841,THR,N,861,GLU,HG3,179050,245000,73.1
THR841_H-GLN51_OE1,841,THR,H,51,GLN,OE1,70702,245000,28.9
THR841_CA-GLN51_OE1,841,THR,CA,51,GLN,OE1,226356,245000,92.4
THR841_CB-ILE47_HG12,841,THR,CB,47,ILE,HG12,24671,245000,10.1
HIE721_CB-ARG661_HE,721,HIE,CB,661,ARG,HE,9971,245000,4.1
PRO746_C-GLN660_HG2,746,PRO,C,660,GLN,HG2,7539,245000,3.1
PRO747_HB3-ARG657_HH11,747,PRO,HB3,657,ARG,HH11,8265,245000,3.4
GLU749_OE2-ARG657_NH1,749,GLU,OE2,657,ARG,NH1,89579,245000,36.6
GLU749_C-ARG657_NH2,749,GLU,C,657,ARG,NH2,46660,245000,19.0
SER756_N-SER226_HG,756,SER,N,226,SER,HG,8042,245000,3.3
SER762_HB2-SER298_H,762,SER,HB2,298,SER,H,8854,245000,3.6
SER762_OG-ILE292_O,762,SER,OG,292,ILE,O,19652,245000,8.0
SER762_OG-SER298_H,762,SER,OG,298,SER,H,10059,245000,4.1
SER762_HG-SER298_HB3,762,SER,HG,298,SER,HB3,8908,245000,3.6
LYS763_HB3-LEU301_HB2,763,LYS,HB3,301,LEU,HB2,7973,245000,3.3
LYS763_NZ-GLN660_HG2,763,LYS,NZ,660,GLN,HG2,8315,245000,3.4
LYS763_HZ2-SER663_O,763,LYS,HZ2,663,SER,O,15148,245000,6.2
THR765_N-SER298_HG,765,THR,N,298,SER,HG,7673,245000,3.1
SER769_HB2-PRO587_HA,769,SER,HB2,587,PRO,HA,8258,245000,3.4
SER769_HB3-SER300_O,769,SER,HB3,300,SER,O,9239,245000,3.8
SER769_HB3-PRO587_HA,769,SER,HB3,587,PRO,HA,39524,245000,16.1
SER769_HG-GLN589_HG3,769,SER,HG,589,GLN,HG3,7523,245000,3.1
SER769_C-GLN589_HG3,769,SER,C,589,GLN,HG3,19193,245000,7.8
LEU770_N-PRO303_HA,770,LEU,N,303,PRO,HA,41634,245000,17.0
LEU770_N-SER304_H,770,LEU,N,304,SER,H,42883,245000,17.5
ASN771_CA-GLN589_C,771,ASN,CA,589,GLN,C,26748,245000,10.9
ASN771_HB3-PRO303_HG3,771,ASN,HB3,303,PRO,HG3,30061,245000,12.3
ASN771_CG-PRO303_HG3,771,ASN,CG,303,PRO,HG3,8702,245000,3.6
THR775_CA-THR307_OG1,775,THR,CA,307,THR,OG1,45218,245000,18.5
THR775_CA-THR307_HG1,775,THR,CA,307,THR,HG1,158781,245000,64.8
THR775_CG2-THR307_HG1,775,THR,CG2,307,THR,HG1,19520,245000,8.0
THR776_CG2-SER575_O,776,THR,CG2,575,SER,O,8079,245000,3.3
THR776_HG1-GLY685_HA3,776,THR,HG1,685,GLY,HA3,20509,245000,8.4
THR776_C-SER575_O,776,THR,C,575,SER,O,10051,245000,4.1
THR776_C-PRO684_HB2,776,THR,C,684,PRO,HB2,7965,245000,3.3
THR776_C-GLY685_HA3,776,THR,C,685,GLY,HA3,34870,245000,14.2
LEU777_N-ARG560_HD2,777,LEU,N,560,ARG,HD2,10158,245000,4.1
GLY778_N-GLU503_HG2,778,GLY,N,503,GLU,HG2,7892,245000,3.2
GLY778_CA-ARG560_NH1,778,GLY,CA,560,ARG,NH1,8374,245000,3.4
GLY778_CA-ARG560_HH11,778,GLY,CA,560,ARG,HH11,8188,245000,3.3
GLY778_C-GLU503_HB3,778,GLY,C,503,GLU,HB3,7552,245000,3.1
GLY778_C-GLU503_HG2,778,GLY,C,503,GLU,HG2,22281,245000,9.1
GLY778_O-ARG560_HH11,778,GLY,O,560,ARG,HH11,38060,245000,15.5
LYS779_N-ARG560_HD3,779,LYS,N,560,ARG,HD3,103932,245000,42.4
LYS779_N-ARG560_NH1,779,LYS,N,560,ARG,NH1,44941,245000,18.3
LYS779_N-ARG560_HH11,779,LYS,N,560,ARG,HH11,69856,245000,28.5
LYS779_CA-GLU503_HG2,779,LYS,CA,503,GLU,HG2,24257,245000,9.9
LYS779_CA-GLU503_HG3,779,LYS,CA,503,GLU,HG3,11601,245000,4.7
LYS779_CA-SER505_HB2,779,LYS,CA,505,SER,HB2,19213,245000,7.8
LYS779_CA-SER505_OG,779,LYS,CA,505,SER,OG,41820,245000,17.1
LYS779_HB3-ARG560_HB3,779,LYS,HB3,560,ARG,HB3,45341,245000,18.5
LYS779_CG-GLY559_HA3,779,LYS,CG,559,GLY,HA3,8791,245000,3.6
VAL780_N-GLY559_HA3,780,VAL,N,559,GLY,HA3,84798,245000,34.6
VAL780_CA-SER505_OG,780,VAL,CA,505,SER,OG,99533,245000,40.6
VAL780_CA-SER505_HG,780,VAL,CA,505,SER,HG,65471,245000,26.7
VAL780_CG1-SER505_HG,780,VAL,CG1,505,SER,HG,8655,245000,3.5
VAL780_CG1-GLU506_H,780,VAL,CG1,506,GLU,H,25959,245000,10.6
ILE781_N-SER505_HA,781,ILE,N,505,SER,HA,8330,245000,3.4
ILE781_N-GLU506_H,781,ILE,N,506,GLU,H,49075,245000,20.0
SER782_HG-ARG426_NH1,782,SER,HG,426,ARG,NH1,8697,245000,3.5
SER782_C-LYS475_O,782,SER,C,475,LYS,O,16975,245000,6.9
ALA783_N-TRP476_HD1,783,ALA,N,476,TRP,HD1,61439,245000,25.1
ALA783_CB-TRP476_HB3,783,ALA,CB,476,TRP,HB3,11502,245000,4.7
ALA783_CB-TRP476_CG,783,ALA,CB,476,TRP,CG,7950,245000,3.2
LEU784_CA-TRP476_CG,784,LEU,CA,476,TRP,CG,9445,245000,3.9
GLU786_N-LEU491_HB3,786,GLU,N,491,LEU,HB3,25777,245000,10.5
GLU786_C-TRP476_HE1,786,GLU,C,476,TRP,HE1,10598,245000,4.3
LYS789_HZ1-GLU511_O,789,LYS,HZ1,511,GLU,O,186504,245000,76.1
LYS789_HZ1-ALA513_O,789,LYS,HZ1,513,ALA,O,111981,245000,45.7
LYS790_HB3-LEU491_HA,790,LYS,HB3,491,LEU,HA,152977,245000,62.4
LYS790_HD3-LEU491_HA,790,LYS,HD3,491,LEU,HA,50590,245000,20.6
LYS790_NZ-PRO509_HB3,790,LYS,NZ,509,PRO,HB3,9643,245000,3.9
LYS790_HZ1-ASP494_OD2,790,LYS,HZ1,494,ASP,OD2,129071,245000,52.7
LYS791_N-GLY490_HA2,791,LYS,N,490,GLY,HA2,177433,245000,72.4
LYS791_HZ1-GLY490_O,791,LYS,HZ1,490,GLY,O,142298,245000,58.1
LYS791_HZ1-ASP494_OD1,791,LYS,HZ1,494,ASP,OD1,28348,245000,11.6
LYS791_HZ2-GLY490_O,791,LYS,HZ2,490,GLY,O,56495,245000,23.1
LYS791_C-GLY490_O,791,LYS,C,490,GLY,O,48571,245000,19.8
LYS792_N-TRP170_HB2,792,LYS,N,170,TRP,HB2,134905,245000,55.1
LYS792_N-SER172_HB3,792,LYS,N,172,SER,HB3,155240,245000,63.4
LYS792_N-ARG458_NH1,792,LYS,N,458,ARG,NH1,147858,245000,60.4
LYS792_N-ARG458_HH11,792,LYS,N,458,ARG,HH11,144627,245000,59.0
LYS792_CA-ASP173_OD1,792,LYS,CA,173,ASP,OD1,156770,245000,64.0
LYS792_CD-TRP170_HD1,792,LYS,CD,170,TRP,HD1,42756,245000,17.5
LYS792_HZ1-ASP168_OD1,792,LYS,HZ1,168,ASP,OD1,59193,245000,24.2
LYS793_HZ1-GLU176_OE2,793,LYS,HZ1,176,GLU,OE2,97242,245000,39.7
SER796_N-ARG458_NE,796,SER,N,458,ARG,NE,68097,245000,27.8
SER796_OG-CYS459_HA,796,SER,OG,459,CYS,HA,50964,245000,20.8
THR797_N-LYS465_HE2,797,THR,N,465,LYS,HE2,23092,245000,9.4
THR797_N-LYS465_NZ,797,THR,N,465,LYS,NZ,103978,245000,42.4
THR797_N-LYS465_HZ1,797,THR,N,465,LYS,HZ1,49044,245000,20.0
THR797_N-LYS465_HZ3,797,THR,N,465,LYS,HZ3,60076,245000,24.5
GLY799_N-CYS459_HA,799,GLY,N,459,CYS,HA,64111,245000,26.2
GLY799_C-CYS459_O,799,GLY,C,459,CYS,O,169564,245000,69.2
PRO800_N-SER461_HA,800,PRO,N,461,SER,HA,28687,245000,11.7
PRO800_CB-ASP248_HB3,800,PRO,CB,248,ASP,HB3,8803,245000,3.6
THR807_HB-ARG143_HH22,807,THR,HB,143,ARG,HH22,100399,245000,41.0
THR807_HG1-ARG143_HH12,807,THR,HG1,143,ARG,HH12,146560,245000,59.8
THR807_HG1-ARG143_NH2,807,THR,HG1,143,ARG,NH2,144720,245000,59.1
THR807_HG1-ARG143_HH22,807,THR,HG1,143,ARG,HH22,208371,245000,85.0
THR807_C-ARG143_HH22,807,THR,C,143,ARG,HH22,186137,245000,76.0
LEU810_N-ARG143_HE,810,LEU,N,143,ARG,HE,89209,245000,36.4
LEU810_N-ARG143_NH2,810,LEU,N,143,ARG,NH2,157260,245000,64.2
LEU810_N-ARG143_HH21,810,LEU,N,143,ARG,HH21,180667,245000,73.7
LEU812_N-HIE104_HD2,812,LEU,N,104,HIE,HD2,8675,245000,3.5
LEU812_N-THR144_HA,812,LEU,N,144,THR,HA,10233,245000,4.2
LEU812_H-LEU103_O,812,LEU,H,103,LEU,O,7771,245000,3.2
LEU812_CA-LEU103_O,812,LEU,CA,103,LEU,O,53139,245000,21.7
SER816_HG-ARG85_HH22,816,SER,HG,85,ARG,HH22,34550,245000,14.1
SER816_C-PRO100_O,816,SER,C,100,PRO,O,34538,245000,14.1
PRO817_CA-ASN101_HA,817,PRO,CA,101,ASN,HA,72553,245000,29.6
PRO820_HB3-ASN97_HA,820,PRO,HB3,97,ASN,HA,8357,245000,3.4
PRO820_CA-ILE96_O,820,PRO,CA,96,ILE,O,60239,245000,24.6
PRO820_CA-ASN97_HA,820,PRO,CA,97,ASN,HA,12201,245000,5.0
PRO821_HD3-ILE96_O,821,PRO,HD3,96,ILE,O,77600,245000,31.7
SER822_HB3-PRO126_HD2,822,SER,HB3,126,PRO,HD2,9823,245000,4.0
THR824_CA-ASN97_HB2,824,THR,CA,97,ASN,HB2,9015,245000,3.7
THR824_CA-ASN97_CG,824,THR,CA,97,ASN,CG,7886,245000,3.2
THR824_CG2-ASN97_CB,824,THR,CG2,97,ASN,CB,8088,245000,3.3
THR824_CG2-ASN97_HB3,824,THR,CG2,97,ASN,HB3,10488,245000,4.3
THR824_HG1-ARG94_HD2,824,THR,HG1,94,ARG,HD2,10183,245000,4.2
THR824_C-GLU60_OE1,824,THR,C,60,GLU,OE1,9476,245000,3.9
PRO828_HG3-PHE37_HZ,828,PRO,HG3,37,PHE,HZ,16488,245000,6.7
PRO834_CA-ARG912_HG3,834,PRO,CA,912,ARG,HG3,7597,245000,3.1
VAL835_CA-ARG912_HB2,835,VAL,CA,912,ARG,HB2,78266,245000,31.9
SER836_HB2-ARG912_HH11,836,SER,HB2,912,ARG,HH11,17182,245000,7.0
SER836_OG-PHE860_HA,836,SER,OG,860,PHE,HA,8675,245000,3.5
SER836_OG-PHE860_HB3,836,SER,OG,860,PHE,HB3,10544,245000,4.3
SER836_HG-ARG912_HD2,836,SER,HG,912,ARG,HD2,117652,245000,48.0
SER836_HG-ARG912_HD3,836,SER,HG,912,ARG,HD3,24473,245000,10.0
SER836_HG-ARG912_NH1,836,SER,HG,912,ARG,NH1,159346,245000,65.0
SER836_HG-ARG912_HH11,836,SER,HG,912,ARG,HH11,237547,245000,97.0
SER836_C-PHE889_HE1,836,SER,C,889,PHE,HE1,9691,245000,4.0
SER836_C-ARG912_HD2,836,SER,C,912,ARG,HD2,8912,245000,3.6
SER836_C-ARG912_HD3,836,SER,C,912,ARG,HD3,8221,245000,3.4
SER836_C-ARG912_HH11,836,SER,C,912,ARG,HH11,232512,245000,94.9
PRO838_HG3-MET50_HB2,838,PRO,HG3,50,MET,HB2,17622,245000,7.2
PRO838_CA-ILE47_HA,838,PRO,CA,47,ILE,HA,16867,245000,6.9
ARG840_CG-GLY857_HA2,840,ARG,CG,857,GLY,HA2,8077,245000,3.3
ARG840_CG-SER858_H,840,ARG,CG,858,SER,H,8984,245000,3.7
ARG840_HD3-ALA856_O,840,ARG,HD3,856,ALA,O,7818,245000,3.2
ARG840_HH11-GLU980_OE1,840,ARG,HH11,980,GLU,OE1,111859,245000,45.7
ARG840_HH12-ALA856_O,840,ARG,HH12,856,ALA,O,10401,245000,4.2
ARG840_HH21-GLU980_OE2,840,ARG,HH21,980,GLU,OE2,101740,245000,41.5
ARG840_HH22-LYS1735_HZ3,840,ARG,HH22,1735,LYS,HZ3,7536,245000,3.1
THR841_N-SER858_H,841,THR,N,858,SER,H,9678,245000,4.0
HIE721_HB3-ARG661_HH22,721,HIE,HB3,661,ARG,HH22,8165,245000,3.3
HIE721_CE1-ARG661_HH12,721,HIE,CE1,661,ARG,HH12,8620,245000,3.5
PRO745_N-ARG661_HB2,745,PRO,N,661,ARG,HB2,9953,245000,4.1
PRO746_CA-ARG661_HB3,746,PRO,CA,661,ARG,HB3,9041,245000,3.7
THR765_CB-PRO299_HD2,765,THR,CB,299,PRO,HD2,8572,245000,3.5
SER769_CA-SER304_OG,769,SER,CA,304,SER,OG,61523,245000,25.1
SER769_CA-SER304_HG,769,SER,CA,304,SER,HG,46243,245000,18.9
SER769_HG-PRO303_HA,769,SER,HG,303,PRO,HA,8284,245000,3.4
ASN771_CB-HIE581_HB3,771,ASN,CB,581,HIE,HB3,133694,245000,54.6
ASN771_C-HIE581_CG,771,ASN,C,581,HIE,CG,7722,245000,3.2
ASN771_C-HIE581_ND1,771,ASN,C,581,HIE,ND1,42447,245000,17.3
SER773_CB-ALA305_HA,773,SER,CB,305,ALA,HA,81351,245000,33.2
LEU774_N-CYS306_H,774,LEU,N,306,CYS,H,118259,245000,48.3
LEU774_N-CYS306_HG,774,LEU,N,306,CYS,HG,48678,245000,19.9
LYS779_CA-GLU503_OE1,779,LYS,CA,503,GLU,OE1,41841,245000,17.1
LYS779_CA-SER505_HG,779,LYS,CA,505,SER,HG,38785,245000,15.8
LYS779_CB-SER505_HG,779,LYS,CB,505,SER,HG,30306,245000,12.4
LYS779_CE-GLU503_OE1,779,LYS,CE,503,GLU,OE1,26496,245000,10.8
ILE781_N-SER505_HB3,781,ILE,N,505,SER,HB3,32686,245000,13.3
ALA783_CB-TRP476_CE2,783,ALA,CB,476,TRP,CE2,80827,245000,33.0
ALA783_CB-TRP476_CD2,783,ALA,CB,476,TRP,CD2,64665,245000,26.4
LEU784_CA-TRP476_CH2,784,LEU,CA,476,TRP,CH2,60795,245000,24.8
GLU786_HB3-TRP476_HE1,786,GLU,HB3,476,TRP,HE1,7769,245000,3.2
GLU786_CG-TRP476_HZ2,786,GLU,CG,476,TRP,HZ2,31415,245000,12.8
GLU786_OE1-GLU489_H,786,GLU,OE1,489,GLU,H,43268,245000,17.7
GLU786_OE1-GLY490_H,786,GLU,OE1,490,GLY,H,39222,245000,16.0
GLU786_OE2-GLU489_H,786,GLU,OE2,489,GLU,H,48858,245000,19.9
GLU786_OE2-GLY490_N,786,GLU,OE2,490,GLY,N,9758,245000,4.0
GLU786_OE2-GLY490_H,786,GLU,OE2,490,GLY,H,44417,245000,18.1
GLU786_C-LYS469_NZ,786,GLU,C,469,LYS,NZ,18310,245000,7.5
GLU786_C-GLU489_H,786,GLU,C,489,GLU,H,48880,245000,20.0
LYS790_HZ1-ASP494_OD1,790,LYS,HZ1,494,ASP,OD1,131139,245000,53.5
LYS790_HZ3-VAL507_O,790,LYS,HZ3,507,VAL,O,15784,245000,6.4
LYS791_HG3-GLU489_O,791,LYS,HG3,489,GLU,O,59136,245000,24.1
LYS791_HZ3-GLY490_O,791,LYS,HZ3,490,GLY,O,17643,245000,7.2
LYS791_C-VAL492_O,791,LYS,C,492,VAL,O,68430,245000,27.9
LYS792_CA-TRP170_HD1,792,LYS,CA,170,TRP,HD1,18793,245000,7.7
LYS792_NZ-ASP168_O,792,LYS,NZ,168,ASP,O,9992,245000,4.1
LYS792_HZ1-ASP232_OD1,792,LYS,HZ1,232,ASP,OD1,9099,245000,3.7
LYS793_HG3-ARG458_HH22,793,LYS,HG3,458,ARG,HH22,39382,245000,16.1
LYS793_HE3-SER151_O,793,LYS,HE3,151,SER,O,8610,245000,3.5
LYS793_HE3-ARG152_HG3,793,LYS,HE3,152,ARG,HG3,10547,245000,4.3
LYS793_NZ-SER151_CB,793,LYS,NZ,151,SER,CB,7544,245000,3.1
LYS793_NZ-SER151_OG,793,LYS,NZ,151,SER,OG,9815,245000,4.0
LYS793_NZ-SER151_HG,793,LYS,NZ,151,SER,HG,7742,245000,3.2
THR794_CB-ARG458_HD2,794,THR,CB,458,ARG,HD2,8700,245000,3.6
ASP795_N-ARG458_HD2,795,ASP,N,458,ARG,HD2,59693,245000,24.4
ALA811_CA-PHE155_HD1,811,ALA,CA,155,PHE,HD1,10496,245000,4.3
ALA811_CA-PHE155_HE1,811,ALA,CA,155,PHE,HE1,8099,245000,3.3
LEU812_N-HIE104_HB2,812,LEU,N,104,HIE,HB2,86564,245000,35.3
THR813_CA-LEU103_O,813,THR,CA,103,LEU,O,208263,245000,85.0
THR813_CG2-HIE104_HA,813,THR,CG2,104,HIE,HA,33568,245000,13.7
THR813_CG2-HIE104_ND1,813,THR,CG2,104,HIE,ND1,15931,245000,6.5
THR813_C-THR144_O,813,THR,C,144,THR,O,29740,245000,12.1
SER816_HG-ARG85_HH12,816,SER,HG,85,ARG,HH12,20538,245000,8.4
SER816_C-ARG85_HH22,816,SER,C,85,ARG,HH22,21761,245000,8.9
ALA818_N-ASN101_HA,818,ALA,N,101,ASN,HA,17926,245000,7.3
THR824_N-ARG124_HE,824,THR,N,124,ARG,HE,8227,245000,3.4
PRO826_N-ARG94_HH12,826,PRO,N,94,ARG,HH12,7927,245000,3.2
ARG827_HB3-PRO59_O,827,ARG,HB3,59,PRO,O,140657,245000,57.4
PRO828_HD3-GLU60_HA,828,PRO,HD3,60,GLU,HA,199282,245000,81.3
PRO828_CG-GLU60_HA,828,PRO,CG,60,GLU,HA,185081,245000,75.5
ARG831_NH2-ASP897_CG,831,ARG,NH2,897,ASP,CG,219405,245000,89.6
ARG831_NH2-ASP897_OD1,831,ARG,NH2,897,ASP,OD1,209754,245000,85.6
ARG831_NH2-ASP897_OD2,831,ARG,NH2,897,ASP,OD2,208227,245000,85.0
ARG831_C-ASP897_CG,831,ARG,C,897,ASP,CG,197945,245000,80.8
ARG831_C-ASP897_OD1,831,ARG,C,897,ASP,OD1,167679,245000,68.4
ARG831_C-ASP897_OD2,831,ARG,C,897,ASP,OD2,172230,245000,70.3
ARG831_C-SER910_HB2,831,ARG,C,910,SER,HB2,69718,245000,28.5
GLU832_CD-PHE57_HE1,832,GLU,CD,57,PHE,HE1,155560,245000,63.5
PRO834_C-PRO911_O,834,PRO,C,911,PRO,O,219297,245000,89.5
PRO834_C-ARG912_HA,834,PRO,C,912,ARG,HA,27323,245000,11.2
PRO834_C-ARG912_HB3,834,PRO,C,912,ARG,HB3,7568,245000,3.1
VAL835_H-ARG912_HB3,835,VAL,H,912,ARG,HB3,9562,245000,3.9
VAL835_CA-PRO911_O,835,VAL,CA,911,PRO,O,155439,245000,63.4
VAL835_CA-ARG912_HB3,835,VAL,CA,912,ARG,HB3,20558,245000,8.4
SER836_HB3-PHE860_HB3,836,SER,HB3,860,PHE,HB3,160142,245000,65.4
SER836_HB3-PHE889_HZ,836,SER,HB3,889,PHE,HZ,50067,245000,20.4
SER836_OG-PHE889_HE1,836,SER,OG,889,PHE,HE1,132801,245000,54.2
SER836_OG-ARG912_HD2,836,SER,OG,912,ARG,HD2,90676,245000,37.0
SER836_OG-ARG912_HD3,836,SER,OG,912,ARG,HD3,173725,245000,70.9
SER836_HG-ARG40_HD3,836,SER,HG,40,ARG,HD3,39988,245000,16.3
SER836_HG-PHE860_O,836,SER,HG,860,PHE,O,10896,245000,4.4
SER836_C-ARG40_HD3,836,SER,C,40,ARG,HD3,152745,245000,62.3
SER836_C-ARG40_HH11,836,SER,C,40,ARG,HH11,155834,245000,63.6
SER836_C-PHE860_O,836,SER,C,860,PHE,O,178985,245000,73.1
PRO838_N-ARG888_HD3,838,PRO,N,888,ARG,HD3,64749,245000,26.4
PRO838_HB3-ILE47_HA,838,PRO,HB3,47,ILE,HA,18077,245000,7.4
ALA839_N-ARG888_HE,839,ALA,N,888,ARG,HE,100719,245000,41.1
ALA839_H-GLU861_OE2,839,ALA,H,861,GLU,OE2,75194,245000,30.7
ALA839_CA-GLU861_OE2,839,ALA,CA,861,GLU,OE2,101514,245000,41.4
ALA839_HB2-PHE860_HD2,839,ALA,HB2,860,PHE,HD2,56488,245000,23.1
ALA839_C-PHE860_HD2,839,ALA,C,860,PHE,HD2,55544,245000,22.7
ARG840_CA-GLU861_OE2,840,ARG,CA,861,GLU,OE2,73426,245000,30.0
ARG840_CB-GLN51_HB3,840,ARG,CB,51,GLN,HB3,32677,245000,13.3
ARG840_HH12-GLY857_O,840,ARG,HH12,857,GLY,O,196100,245000,80.0
SER715_HG-ARG661_HH12,715,SER,HG,661,ARG,HH12,138501,245000,56.5
SER715_C-ARG661_HH12,715,SER,C,661,ARG,HH12,92737,245000,37.9
ALA719_O-ARG661_HH22,719,ALA,O,661,ARG,HH22,40188,245000,16.4
ALA720_N-ARG661_HH12,720,ALA,N,661,ARG,HH12,133745,245000,54.6
ALA720_N-ARG661_NH2,720,ALA,N,661,ARG,NH2,172548,245000,70.4
ALA720_N-ARG661_HH22,720,ALA,N,661,ARG,HH22,208126,245000,84.9
ALA720_CB-ARG661_HH12,720,ALA,CB,661,ARG,HH12,157630,245000,64.3
HIE721_CG-ARG661_NE,721,HIE,CG,661,ARG,NE,17282,245000,7.1
HIE721_CG-ARG661_HE,721,HIE,CG,661,ARG,HE,115436,245000,47.1
PHE737_CE2-ARG657_HD2,737,PHE,CE2,657,ARG,HD2,80184,245000,32.7
PHE744_N-ARG661_NH2,744,PHE,N,661,ARG,NH2,122001,245000,49.8
PHE744_N-ARG661_HH21,744,PHE,N,661,ARG,HH21,201937,245000,82.4
PHE744_HB3-ARG661_HH21,744,PHE,HB3,661,ARG,HH21,52489,245000,21.4
PRO745_N-ARG661_HG3,745,PRO,N,661,ARG,HG3,7722,245000,3.2
PRO745_N-ARG661_NE,745,PRO,N,661,ARG,NE,148798,245000,60.7
PRO745_N-ARG661_HE,745,PRO,N,661,ARG,HE,207736,245000,84.8
PRO745_N-ARG661_HH21,745,PRO,N,661,ARG,HH21,172553,245000,70.4
PRO746_HG3-ARG657_HD2,746,PRO,HG3,657,ARG,HD2,167864,245000,68.5
PRO746_CB-ARG657_HG3,746,PRO,CB,657,ARG,HG3,129294,245000,52.8
PRO746_CA-ARG661_HA,746,PRO,CA,661,ARG,HA,78255,245000,31.9
PRO746_CA-ARG661_HB2,746,PRO,CA,661,ARG,HB2,197372,245000,80.6
PRO746_C-ARG661_HA,746,PRO,C,661,ARG,HA,145220,245000,59.3
PRO747_HD3-GLN660_HB3,747,PRO,HD3,660,GLN,HB3,190629,245000,77.8
SER748_CB-ARG657_NH1,748,SER,CB,657,ARG,NH1,159381,245000,65.1
SER748_CB-ARG657_HH11,748,SER,CB,657,ARG,HH11,168708,245000,68.9
SER748_CB-ARG657_HH12,748,SER,CB,657,ARG,HH12,169306,245000,69.1
VAL761_CB-ILE292_O,761,VAL,CB,292,ILE,O,150506,245000,61.4
SER762_HB3-ILE292_HA,762,SER,HB3,292,ILE,HA,17931,245000,7.3
SER762_HB3-ILE292_O,762,SER,HB3,292,ILE,O,18760,245000,7.7
SER762_HB3-SER298_HB2,762,SER,HB3,298,SER,HB2,17996,245000,7.3
SER762_OG-SER298_HB3,762,SER,OG,298,SER,HB3,20788,245000,8.5
SER762_HG-GLY297_H,762,SER,HG,297,GLY,H,8755,245000,3.6
SER762_C-GLY294_O,762,SER,C,294,GLY,O,17292,245000,7.1
SER762_C-GLY297_H,762,SER,C,297,GLY,H,17494,245000,7.1
LYS763_HE3-GLN660_O,763,LYS,HE3,660,GLN,O,17089,245000,7.0
LYS763_HE3-HIE662_O,763,LYS,HE3,662,HIE,O,7940,245000,3.2
LYS763_NZ-GLN660_HA,763,LYS,NZ,660,GLN,HA,94920,245000,38.7
LYS763_HZ1-THR659_O,763,LYS,HZ1,659,THR,O,136644,245000,55.8
PRO767_HD3-PRO587_HB3,767,PRO,HD3,587,PRO,HB3,18741,245000,7.6
SER769_CB-GLN589_HB2,769,SER,CB,589,GLN,HB2,8129,245000,3.3
SER769_HB2-PRO303_HA,769,SER,HB2,303,PRO,HA,8245,245000,3.4
SER769_HB3-GLN589_HB2,769,SER,HB3,589,GLN,HB2,22188,245000,9.1
SER769_OG-PRO299_O,769,SER,OG,299,PRO,O,33370,245000,13.6
SER769_HG-GLN589_HB2,769,SER,HG,589,GLN,HB2,16663,245000,6.8
SER769_HG-GLN589_OE1,769,SER,HG,589,GLN,OE1,20844,245000,8.5
SER769_C-PRO303_HD3,769,SER,C,303,PRO,HD3,7544,245000,3.1
SER769_C-GLN589_HB2,769,SER,C,589,GLN,HB2,19427,245000,7.9
SER769_C-GLN589_HB3,769,SER,C,589,GLN,HB3,21423,245000,8.7
SER769_C-GLN589_CD,769,SER,C,589,GLN,CD,17164,245000,7.0
SER769_C-GLN589_OE1,769,SER,C,589,GLN,OE1,26342,245000,10.8
ASN771_CA-ALA580_O,771,ASN,CA,580,ALA,O,19209,245000,7.8
ASN771_CA-HIE581_HB3,771,ASN,CA,581,HIE,HB3,17000,245000,6.9
ASN771_CA-VAL591_HA,771,ASN,CA,591,VAL,HA,23291,245000,9.5
ASN771_CB-GLY579_O,771,ASN,CB,579,GLY,O,26910,245000,11.0
ASN771_HB3-HIE581_HB3,771,ASN,HB3,581,HIE,HB3,29561,245000,12.1
LYS772_CA-GLY579_O,772,LYS,CA,579,GLY,O,27086,245000,11.1
LYS772_CG-GLY579_HA3,772,LYS,CG,579,GLY,HA3,22729,245000,9.3
LYS772_HG3-GLY579_O,772,LYS,HG3,579,GLY,O,19198,245000,7.8
LYS772_CE-ASP578_O,772,LYS,CE,578,ASP,O,23510,245000,9.6
LYS772_CE-GLY579_HA3,772,LYS,CE,579,GLY,HA3,25574,245000,10.4
LYS772_HZ1-ASP578_O,772,LYS,HZ1,578,ASP,O,25191,245000,10.3
LYS772_C-THR577_OG1,772,LYS,C,577,THR,OG1,15279,245000,6.2
SER773_O-ALA305_HA,773,SER,O,305,ALA,HA,25088,245000,10.2
THR775_CA-THR307_O,775,THR,CA,307,THR,O,17232,245000,7.0
THR775_CG2-THR307_O,775,THR,CG2,307,THR,O,54812,245000,22.4
THR775_CG2-THR308_HA,775,THR,CG2,308,THR,HA,30816,245000,12.6
GLY778_HA3-TYR502_OH,778,GLY,HA3,502,TYR,OH,138617,245000,56.6
GLY778_HA3-TYR502_HH,778,GLY,HA3,502,TYR,HH,74115,245000,30.3
GLY778_C-TYR502_OH,778,GLY,C,502,TYR,OH,18538,245000,7.6
GLY778_C-GLU503_OE2,778,GLY,C,503,GLU,OE2,133903,245000,54.7
LYS779_H-GLU503_OE2,779,LYS,H,503,GLU,OE2,115756,245000,47.2
LYS779_CA-GLU503_OE2,779,LYS,CA,503,GLU,OE2,143668,245000,58.6
LYS779_CB-SER505_OG,779,LYS,CB,505,SER,OG,8168,245000,3.3
LYS779_CE-GLU503_OE2,779,LYS,CE,503,GLU,OE2,99848,245000,40.8
LYS779_HZ1-GLU503_OE1,779,LYS,HZ1,503,GLU,OE1,126147,245000,51.5
LYS779_HZ2-GLU503_OE2,779,LYS,HZ2,503,GLU,OE2,7510,245000,3.1
VAL780_CB-GLY559_HA3,780,VAL,CB,559,GLY,HA3,21755,245000,8.9
VAL780_CG1-GLU506_O,780,VAL,CG1,506,GLU,O,18846,245000,7.7
ILE781_N-GLN429_HE21,781,ILE,N,429,GLN,HE21,186571,245000,76.2
ILE781_CB-GLU506_CD,781,ILE,CB,506,GLU,CD,17481,245000,7.1
ILE781_CB-GLU506_OE1,781,ILE,CB,506,GLU,OE1,17787,245000,7.3
ILE781_CB-GLU506_OE2,781,ILE,CB,506,GLU,OE2,18714,245000,7.6
ILE781_CG2-GLN429_HE21,781,ILE,CG2,429,GLN,HE21,22455,245000,9.2
ILE781_CD1-ARG426_HH12,781,ILE,CD1,426,ARG,HH12,19764,245000,8.1
SER782_CA-GLU506_CD,782,SER,CA,506,GLU,CD,23200,245000,9.5
SER782_CA-GLU506_OE1,782,SER,CA,506,GLU,OE1,16665,245000,6.8
SER782_CB-LEU491_HB2,782,SER,CB,491,LEU,HB2,9502,245000,3.9
SER782_HB3-TRP476_HE1,782,SER,HB3,476,TRP,HE1,7764,245000,3.2
SER782_OG-LEU491_HB2,782,SER,OG,491,LEU,HB2,18104,245000,7.4
SER782_OG-LEU491_HB3,782,SER,OG,491,LEU,HB3,17830,245000,7.3
SER782_OG-GLU506_HG2,782,SER,OG,506,GLU,HG2,38837,245000,15.9
SER782_HG-TRP476_HE1,782,SER,HG,476,TRP,HE1,65921,245000,26.9
SER782_C-ARG426_HH22,782,SER,C,426,ARG,HH22,70057,245000,28.6
SER782_C-GLU506_CD,782,SER,C,506,GLU,CD,59937,245000,24.5
ALA785_N-HIE514_HE2,785,ALA,N,514,HIE,HE2,19119,245000,7.8
GLU786_CB-LEU491_H,786,GLU,CB,491,LEU,H,8755,245000,3.6
GLU786_OE2-LEU491_H,786,GLU,OE2,491,LEU,H,8638,245000,3.5
GLU786_OE2-VAL492_H,786,GLU,OE2,492,VAL,H,8434,245000,3.4
GLU786_C-GLY490_H,786,GLU,C,490,GLY,H,45712,245000,18.7
VAL787_CB-GLY490_HA3,787,VAL,CB,490,GLY,HA3,16830,245000,6.9
LYS789_CE-PRO509_HB2,789,LYS,CE,509,PRO,HB2,7712,245000,3.1
LYS789_HZ2-ALA513_O,789,LYS,HZ2,513,ALA,O,26912,245000,11.0
LYS789_HZ3-ALA513_O,789,LYS,HZ3,513,ALA,O,35721,245000,14.6
LYS789_C-ALA513_O,789,LYS,C,513,ALA,O,35268,245000,14.4
LYS790_CG-GLY490_O,790,LYS,CG,490,GLY,O,8860,245000,3.6
LYS790_CE-PRO509_HA,790,LYS,CE,509,PRO,HA,8676,245000,3.5
LYS790_NZ-GLY490_O,790,LYS,NZ,490,GLY,O,7537,245000,3.1
LYS790_HZ2-ASP494_OD2,790,LYS,HZ2,494,ASP,OD2,48988,245000,20.0
LYS790_HZ3-ASP494_OD2,790,LYS,HZ3,494,ASP,OD2,56113,245000,22.9
LYS790_C-ASP494_OD2,790,LYS,C,494,ASP,OD2,48604,245000,19.8
LYS791_HB3-TRP170_CG,791,LYS,HB3,170,TRP,CG,17931,245000,7.3
LYS791_HB3-TRP170_CE2,791,LYS,HB3,170,TRP,CE2,8271,245000,3.4
LYS791_HB3-TRP170_CD2,791,LYS,HB3,170,TRP,CD2,59411,245000,24.2
LYS791_CD-SER172_HB3,791,LYS,CD,172,SER,HB3,10263,245000,4.2
LYS791_HD3-GLU489_O,791,LYS,HD3,489,GLU,O,8296,245000,3.4
LYS791_CE-SER172_HB2,791,LYS,CE,172,SER,HB2,7911,245000,3.2
LYS791_HE3-GLY493_O,791,LYS,HE3,493,GLY,O,17463,245000,7.1
LYS791_HE3-ASP494_HA,791,LYS,HE3,494,ASP,HA,8239,245000,3.4
LYS791_HZ1-GLU489_O,791,LYS,HZ1,489,GLU,O,24466,245000,10.0
LYS791_C-GLU489_O,791,LYS,C,489,GLU,O,8097,245000,3.3
LYS793_CA-ASP173_OD1,793,LYS,CA,173,ASP,OD1,8907,245000,3.6
LYS793_HB3-ARG458_NH2,793,LYS,HB3,458,ARG,NH2,30285,245000,12.4
LYS793_HB3-ARG458_HH21,793,LYS,HB3,458,ARG,HH21,29300,245000,12.0
THR797_N-LYS465_HZ2,797,THR,N,465,LYS,HZ2,59514,245000,24.3
GLY799_CA-SER461_HA,799,GLY,CA,461,SER,HA,19984,245000,8.2
PRO801_CG-CYS459_HB3,801,PRO,CG,459,CYS,HB3,10274,245000,4.2
PRO801_HG3-ARG180_HA,801,PRO,HG3,180,ARG,HA,8481,245000,3.5
PRO806_HD3-ALA154_O,806,PRO,HD3,154,ALA,O,153720,245000,62.7
THR807_HG21-ARG143_HH22,807,THR,HG21,143,ARG,HH22,71311,245000,29.1
THR807_C-ARG143_HH12,807,THR,C,143,ARG,HH12,110717,245000,45.2
PRO809_O-ARG143_HH21,809,PRO,O,143,ARG,HH21,16370,245000,6.7
LEU812_CA-LEU103_HG,812,LEU,CA,103,LEU,HG,39131,245000,16.0
LEU812_CB-LEU103_O,812,LEU,CB,103,LEU,O,8168,245000,3.3
THR813_CA-HIE104_HA,813,THR,CA,104,HIE,HA,7763,245000,3.2
PRO814_CG-THR144_HB,814,PRO,CG,144,THR,HB,21853,245000,8.9
VAL815_CG1-PRO100_HB3,815,VAL,CG1,100,PRO,HB3,7815,245000,3.2
SER816_HG-ARG85_NH2,816,SER,HG,85,ARG,NH2,8602,245000,3.5
PRO817_C-ARG85_HH12,817,PRO,C,85,ARG,HH12,8238,245000,3.4
THR824_N-ARG124_HH12,824,THR,N,124,ARG,HH12,67982,245000,27.7
THR824_CB-ASN97_OD1,824,THR,CB,97,ASN,OD1,142066,245000,58.0
THR825_CA-ASN97_OD1,825,THR,CA,97,ASN,OD1,176023,245000,71.8
THR825_CA-ASN97_HD21,825,THR,CA,97,ASN,HD21,106153,245000,43.3
THR825_CG2-PRO122_HB3,825,THR,CG2,122,PRO,HB3,151870,245000,62.0
THR825_HG1-ARG94_HH11,825,THR,HG1,94,ARG,HH11,16304,245000,6.7
THR825_HG1-ASN97_ND2,825,THR,HG1,97,ASN,ND2,60662,245000,24.8
THR825_HG1-ASN97_HD21,825,THR,HG1,97,ASN,HD21,106661,245000,43.5
THR825_C-ARG94_NH1,825,THR,C,94,ARG,NH1,57398,245000,23.4
THR825_C-ARG94_HH11,825,THR,C,94,ARG,HH11,107962,245000,44.1
THR825_C-ASN97_HD21,825,THR,C,97,ASN,HD21,104521,245000,42.7
PRO826_O-ARG94_HH12,826,PRO,O,94,ARG,HH12,104340,245000,42.6
ARG827_N-ARG94_NH1,827,ARG,N,94,ARG,NH1,146567,245000,59.8
ARG827_N-ARG94_HH12,827,ARG,N,94,ARG,HH12,201859,245000,82.4
ARG827_N-ARG94_HH22,827,ARG,N,94,ARG,HH22,75231,245000,30.7
PRO828_HD2-GLU60_HA,828,PRO,HD2,60,GLU,HA,146430,245000,59.8
GLU832_HB3-PHE57_HZ,832,GLU,HB3,57,PHE,HZ,61684,245000,25.2
GLU832_CD-PRO911_HB3,832,GLU,CD,911,PRO,HB3,105220,245000,42.9
PRO834_CA-ARG912_HA,834,PRO,CA,912,ARG,HA,7527,245000,3.1
PRO838_N-PHE860_HB2,838,PRO,N,860,PHE,HB2,43372,245000,17.7
PRO838_CG-THR43_HB,838,PRO,CG,43,THR,HB,104841,245000,42.8
PRO838_CB-LEU46_HB2,838,PRO,CB,46,LEU,HB2,85538,245000,34.9
PRO838_CA-GLU861_OE1,838,PRO,CA,861,GLU,OE1,54369,245000,22.2
ARG840_N-GLN51_HA,840,ARG,N,51,GLN,HA,10756,245000,4.4
ARG840_HH12-GLY857_HA3,840,ARG,HH12,857,GLY,HA3,118995,245000,48.6
ARG840_HH12-GLY857_C,840,ARG,HH12,857,GLY,C,153189,245000,62.5
ARG840_NH2-GLY857_HA3,840,ARG,NH2,857,GLY,HA3,84532,245000,34.5
ARG840_C-LYS1735_HZ3,840,ARG,C,1735,LYS,HZ3,8322,245000,3.4
PRO746_CG-ARG661_HD2,746,PRO,CG,661,ARG,HD2,15373,245000,6.3
PRO746_CB-ARG657_HD2,746,PRO,CB,657,ARG,HD2,53308,245000,21.8
PRO746_HB3-GLN660_HB3,746,PRO,HB3,660,GLN,HB3,42731,245000,17.4
PRO747_HD3-GLN660_O,747,PRO,HD3,660,GLN,O,166364,245000,67.9
SER748_CB-GLN660_OE1,748,SER,CB,660,GLN,OE1,7860,245000,3.2
LYS763_HZ1-HIE662_O,763,LYS,HZ1,662,HIE,O,38913,245000,15.9
SER769_CA-SER300_HA,769,SER,CA,300,SER,HA,8375,245000,3.4
SER782_CA-GLU506_OE2,782,SER,CA,506,GLU,OE2,7970,245000,3.3
SER782_C-TRP476_HE1,782,SER,C,476,TRP,HE1,19178,245000,7.8
SER782_C-GLU506_OE1,782,SER,C,506,GLU,OE1,33055,245000,13.5
ALA783_CB-TRP476_CZ2,783,ALA,CB,476,TRP,CZ2,27388,245000,11.2
GLU786_CD-LYS469_HD2,786,GLU,CD,469,LYS,HD2,7958,245000,3.2
GLU786_C-VAL492_H,786,GLU,C,492,VAL,H,8287,245000,3.4
LYS790_HE3-PRO509_HA,790,LYS,HE3,509,PRO,HA,7744,245000,3.2
LYS792_HZ1-ASP173_OD2,792,LYS,HZ1,173,ASP,OD2,57909,245000,23.6
PRO814_HD3-THR144_HB,814,PRO,HD3,144,THR,HB,8190,245000,3.3
SER816_CB-PRO100_O,816,SER,CB,100,PRO,O,9861,245000,4.0
SER816_HB3-VAL102_O,816,SER,HB3,102,VAL,O,7519,245000,3.1
PRO828_HD3-PRO59_O,828,PRO,HD3,59,PRO,O,26124,245000,10.7
ARG831_HH11-ASP897_OD1,831,ARG,HH11,897,ASP,OD1,82263,245000,33.6
SER836_N-ARG912_HB2,836,SER,N,912,ARG,HB2,131978,245000,53.9
PRO838_C-PHE860_HB2,838,PRO,C,860,PHE,HB2,74130,245000,30.3
ALA839_CB-ARG53_O,839,ALA,CB,53,ARG,O,133264,245000,54.4
ALA839_HB3-PHE860_HD2,839,ALA,HB3,860,PHE,HD2,47318,245000,19.3
ARG840_N-ARG53_H,840,ARG,N,53,ARG,H,182802,245000,74.6
ARG840_HB3-GLN51_OE1,840,ARG,HB3,51,GLN,OE1,106225,245000,43.4
ARG840_CG-PRO52_HA,840,ARG,CG,52,PRO,HA,153141,245000,62.5
ARG840_CD-SER858_HA,840,ARG,CD,858,SER,HA,65617,245000,26.8
ARG840_CD-SER858_HG,840,ARG,CD,858,SER,HG,57877,245000,23.6
ARG840_HE-GLU17_OE2,840,ARG,HE,17,GLU,OE2,24572,245000,10.0
ARG840_HH11-GLY857_HA3,840,ARG,HH11,857,GLY,HA3,49106,245000,20.0
ARG840_HH11-GLY857_O,840,ARG,HH11,857,GLY,O,87704,245000,35.8
ARG840_C-LYS1735_HZ1,840,ARG,C,1735,LYS,HZ1,8385,245000,3.4
PHE744_CG-ARG661_HH21,744,PHE,CG,661,ARG,HH21,46890,245000,19.1
PRO746_HB3-ARG657_HD3,746,PRO,HB3,657,ARG,HD3,137474,245000,56.1
SER748_N-GLN660_HB3,748,SER,N,660,GLN,HB3,94730,245000,38.7
GLU749_OE2-GLN660_HE22,749,GLU,OE2,660,GLN,HE22,37634,245000,15.4
PRO760_HB3-GLY294_HA2,760,PRO,HB3,294,GLY,HA2,86256,245000,35.2
PRO760_O-GLY294_H,760,PRO,O,294,GLY,H,96680,245000,39.5
VAL761_CB-GLY294_H,761,VAL,CB,294,GLY,H,54122,245000,22.1
SER762_CB-GLN660_HE21,762,SER,CB,660,GLN,HE21,129123,245000,52.7
SER762_HB2-GLN660_HE21,762,SER,HB2,660,GLN,HE21,44374,245000,18.1
SER762_HB3-GLY294_O,762,SER,HB3,294,GLY,O,103290,245000,42.2
SER762_HB3-PRO295_HA,762,SER,HB3,295,PRO,HA,30106,245000,12.3
SER762_OG-GLY294_O,762,SER,OG,294,GLY,O,34715,245000,14.2
SER762_OG-GLY297_HA3,762,SER,OG,297,GLY,HA3,101331,245000,41.4
SER762_HG-SER298_HB2,762,SER,HG,298,SER,HB2,16579,245000,6.8
SER762_HG-GLN660_HE21,762,SER,HG,660,GLN,HE21,130750,245000,53.4
SER762_C-PRO295_O,762,SER,C,295,PRO,O,8786,245000,3.6
SER762_C-SER298_HB2,762,SER,C,298,SER,HB2,52128,245000,21.3
SER762_C-GLN660_HE21,762,SER,C,660,GLN,HE21,106939,245000,43.6
LYS763_CA-GLN660_OE1,763,LYS,CA,660,GLN,OE1,16947,245000,6.9
LYS763_HZ1-ASN585_OD1,763,LYS,HZ1,585,ASN,OD1,53732,245000,21.9
PRO764_N-SER298_HA,764,PRO,N,298,SER,HA,8806,245000,3.6
THR765_N-PRO299_HD3,765,THR,N,299,PRO,HD3,136725,245000,55.8
THR765_CB-PRO299_HD3,765,THR,CB,299,PRO,HD3,139277,245000,56.8
THR765_CB-PRO299_HB3,765,THR,CB,299,PRO,HB3,34491,245000,14.1
ASN766_HB3-THR374_OG1,766,ASN,HB3,374,THR,OG1,131151,245000,53.5
ASN766_C-THR374_OG1,766,ASN,C,374,THR,OG1,154889,245000,63.2
ASN766_C-THR374_HG1,766,ASN,C,374,THR,HG1,147586,245000,60.2
PRO768_C-SER304_OG,768,PRO,C,304,SER,OG,29189,245000,11.9
SER769_CA-SER304_CB,769,SER,CA,304,SER,CB,35811,245000,14.6
SER769_CA-SER304_HB2,769,SER,CA,304,SER,HB2,40608,245000,16.6
SER769_HB3-PRO299_O,769,SER,HB3,299,PRO,O,8113,245000,3.3
LEU770_N-SER304_HB2,770,LEU,N,304,SER,HB2,33136,245000,13.5
LEU777_N-SER575_HG,777,LEU,N,575,SER,HG,38353,245000,15.7
LEU777_HB3-TYR502_HE2,777,LEU,HB3,502,TYR,HE2,85614,245000,34.9
LYS779_HB3-ARG560_HB2,779,LYS,HB3,560,ARG,HB2,98532,245000,40.2
LYS779_CD-THR577_HB,779,LYS,CD,577,THR,HB,101103,245000,41.3
LYS779_C-GLU503_OE1,779,LYS,C,503,GLU,OE1,39017,245000,15.9
VAL780_O-GLN429_HE21,780,VAL,O,429,GLN,HE21,113415,245000,46.3
ILE781_N-GLN429_NE2,781,ILE,N,429,GLN,NE2,112622,245000,46.0
SER782_OG-LEU491_HG,782,SER,OG,491,LEU,HG,18973,245000,7.7
SER782_HG-TRP476_NE1,782,SER,HG,476,TRP,NE1,8785,245000,3.6
SER782_HG-VAL492_HA,782,SER,HG,492,VAL,HA,35522,245000,14.5
SER782_C-VAL492_HA,782,SER,C,492,VAL,HA,42678,245000,17.4
GLU786_HB3-TRP476_HZ2,786,GLU,HB3,476,TRP,HZ2,8505,245000,3.5
GLU786_C-GLY490_HA3,786,GLU,C,490,GLY,HA3,8434,245000,3.4
LYS789_HZ2-GLU511_O,789,LYS,HZ2,511,GLU,O,73523,245000,30.0
LYS789_HZ3-GLU511_O,789,LYS,HZ3,511,GLU,O,72860,245000,29.7
LYS789_C-GLU511_O,789,LYS,C,511,GLU,O,64613,245000,26.4
LYS790_N-LEU491_H,790,LYS,N,491,LEU,H,51857,245000,21.2
LYS790_N-LEU491_HB2,790,LYS,N,491,LEU,HB2,93871,245000,38.3
LYS790_HG3-TRP170_HZ2,790,LYS,HG3,170,TRP,HZ2,128745,245000,52.5
LYS790_CE-TRP170_HH2,790,LYS,CE,170,TRP,HH2,108317,245000,44.2
LYS790_HE3-TRP170_HZ2,790,LYS,HE3,170,TRP,HZ2,129553,245000,52.9
LYS790_NZ-PRO509_HD3,790,LYS,NZ,509,PRO,HD3,107237,245000,43.8
LYS791_CA-GLU489_O,791,LYS,CA,489,GLU,O,125399,245000,51.2
LYS791_HZ1-ALA488_O,791,LYS,HZ1,488,ALA,O,134481,245000,54.9
LYS791_HZ1-GLY493_O,791,LYS,HZ1,493,GLY,O,19822,245000,8.1
LYS792_CG-TRP170_HE1,792,LYS,CG,170,TRP,HE1,68796,245000,28.1
LYS792_HZ2-ASP168_O,792,LYS,HZ2,168,ASP,O,59152,245000,24.1
LYS793_NZ-ARG458_HH21,793,LYS,NZ,458,ARG,HH21,76215,245000,31.1
LYS793_C-GLU176_OE2,793,LYS,C,176,GLU,OE2,30973,245000,12.6
THR794_N-ARG458_HD3,794,THR,N,458,ARG,HD3,75737,245000,30.9
GLY799_HA3-CYS459_O,799,GLY,HA3,459,CYS,O,55572,245000,22.7
GLY799_C-ARG460_O,799,GLY,C,460,ARG,O,69769,245000,28.5
GLY799_C-SER461_HA,799,GLY,C,461,SER,HA,107912,245000,44.0
PRO801_CG-ASP248_HB2,801,PRO,CG,248,ASP,HB2,123092,245000,50.2
PRO801_CG-CYS459_O,801,PRO,CG,459,CYS,O,128695,245000,52.5
PRO801_HG3-HIE249_HB2,801,PRO,HG3,249,HIE,HB2,33167,245000,13.5
PRO801_CB-CYS459_HB2,801,PRO,CB,459,CYS,HB2,7893,245000,3.2
PRO801_C-CYS459_HB3,801,PRO,C,459,CYS,HB3,126504,245000,51.6
VAL802_CG1-ARG180_HA,802,VAL,CG1,180,ARG,HA,51217,245000,20.9
CYS803_CA-ALA179_O,803,CYS,CA,179,ALA,O,155628,245000,63.5
CYS803_CB-GLY182_N,803,CYS,CB,182,GLY,N,106222,245000,43.4
CYS803_CB-GLY182_HA2,803,CYS,CB,182,GLY,HA2,127689,245000,52.1
CYS803_CB-GLY182_HA3,803,CYS,CB,182,GLY,HA3,65203,245000,26.6
ALA804_CA-ARG180_O,804,ALA,CA,180,ARG,O,160591,245000,65.5
LEU812_CA-LEU103_HB3,812,LEU,CA,103,LEU,HB3,7847,245000,3.2
LEU812_CA-HIE104_HB2,812,LEU,CA,104,HIE,HB2,15895,245000,6.5
THR813_C-LEU103_O,813,THR,C,103,LEU,O,153141,245000,62.5
PRO817_C-PRO100_O,817,PRO,C,100,PRO,O,84751,245000,34.6
ALA818_N-PRO100_HB2,818,ALA,N,100,PRO,HB2,123314,245000,50.3
PRO820_C-PRO100_HA,820,PRO,C,100,PRO,HA,126767,245000,51.7
PRO828_HB3-PHE37_HZ,828,PRO,HB3,37,PHE,HZ,15817,245000,6.5
ARG831_HH11-ASP897_OD2,831,ARG,HH11,897,ASP,OD2,39332,245000,16.1
GLU832_CG-PRO59_HG3,832,GLU,CG,59,PRO,HG3,85958,245000,35.1
SER836_HB3-PHE860_HD1,836,SER,HB3,860,PHE,HD1,90432,245000,36.9
ALA839_CB-ARG888_HH21,839,ALA,CB,888,ARG,HH21,140777,245000,57.5
ARG840_CG-PRO52_HB3,840,ARG,CG,52,PRO,HB3,77837,245000,31.8
ARG840_HG3-GLY857_O,840,ARG,HG3,857,GLY,O,97348,245000,39.7
ARG840_CD-SER858_HB3,840,ARG,CD,858,SER,HB3,79790,245000,32.6
GLU749_HB3-PRO295_HA,749,GLU,HB3,295,PRO,HA,124161,245000,50.7
GLU749_CG-GLN660_HE22,749,GLU,CG,660,GLN,HE22,93395,245000,38.1
GLU749_OE1-GLN660_HE22,749,GLU,OE1,660,GLN,HE22,98781,245000,40.3
GLU749_OE2-GLN660_HG3,749,GLU,OE2,660,GLN,HG3,7675,245000,3.1
GLU749_OE2-GLN660_NE2,749,GLU,OE2,660,GLN,NE2,15699,245000,6.4
LYS763_N-ILE292_HG13,763,LYS,N,292,ILE,HG13,47077,245000,19.2
LYS763_HB3-SER298_HA,763,LYS,HB3,298,SER,HA,8063,245000,3.3
LYS763_CD-GLN660_OE1,763,LYS,CD,660,GLN,OE1,20516,245000,8.4
PRO764_C-ILE292_HG13,764,PRO,C,292,ILE,HG13,40743,245000,16.6
THR765_CA-ALA371_HA,765,THR,CA,371,ALA,HA,8138,245000,3.3
THR765_CB-GLY297_O,765,THR,CB,297,GLY,O,104783,245000,42.8
THR765_CG2-ALA371_HA,765,THR,CG2,371,ALA,HA,9481,245000,3.9
THR765_CG2-THR374_HB,765,THR,CG2,374,THR,HB,7899,245000,3.2
THR765_C-GLY297_HA2,765,THR,C,297,GLY,HA2,7678,245000,3.1
THR765_C-GLY297_O,765,THR,C,297,GLY,O,10108,245000,4.1
ASN766_N-PRO299_HB3,766,ASN,N,299,PRO,HB3,52965,245000,21.6
ASN766_HB3-THR374_HG1,766,ASN,HB3,374,THR,HG1,92800,245000,37.9
PRO767_HG3-PRO587_HG3,767,PRO,HG3,587,PRO,HG3,16236,245000,6.6
PRO768_HB3-SER304_HB3,768,PRO,HB3,304,SER,HB3,18015,245000,7.4
PRO768_C-PRO299_HB3,768,PRO,C,299,PRO,HB3,8969,245000,3.7
SER769_CA-PRO299_HB2,769,SER,CA,299,PRO,HB2,11126,245000,4.5
SER769_HG-SER304_H,769,SER,HG,304,SER,H,21469,245000,8.8
SER769_C-PRO299_O,769,SER,C,299,PRO,O,19775,245000,8.1
SER769_C-SER304_H,769,SER,C,304,SER,H,21880,245000,8.9
ASN771_HD22-PRO303_HB3,771,ASN,HD22,303,PRO,HB3,22026,245000,9.0
LYS772_HZ1-ASP578_OD2,772,LYS,HZ1,578,ASP,OD2,46836,245000,19.1
LYS772_HZ1-GLY579_O,772,LYS,HZ1,579,GLY,O,32407,245000,13.2
THR776_CG2-PRO684_HG3,776,THR,CG2,684,PRO,HG3,17947,245000,7.3
THR776_HG1-ALA580_HA,776,THR,HG1,580,ALA,HA,16165,245000,6.6
LEU777_N-SER575_HB3,777,LEU,N,575,SER,HB3,110939,245000,45.3
LEU777_N-SER575_OG,777,LEU,N,575,SER,OG,16166,245000,6.6
LEU777_CB-SER575_HB2,777,LEU,CB,575,SER,HB2,148134,245000,60.5
LEU777_CB-SER575_HB3,777,LEU,CB,575,SER,HB3,46730,245000,19.1
GLY778_C-GLU503_OE1,778,GLY,C,503,GLU,OE1,21645,245000,8.8
LYS779_H-GLU503_OE1,779,LYS,H,503,GLU,OE1,27745,245000,11.3
VAL780_H-ARG560_HB2,780,VAL,H,560,ARG,HB2,18044,245000,7.4
VAL780_CB-PRO558_O,780,VAL,CB,558,PRO,O,55882,245000,22.8
VAL780_CB-ARG560_HB2,780,VAL,CB,560,ARG,HB2,21133,245000,8.6
VAL780_CG1-ARG560_HB2,780,VAL,CG1,560,ARG,HB2,24983,245000,10.2
VAL780_CG1-ARG560_HB3,780,VAL,CG1,560,ARG,HB3,17909,245000,7.3
VAL780_CG1-ARG560_HD3,780,VAL,CG1,560,ARG,HD3,24906,245000,10.2
VAL780_CG2-SER505_HB3,780,VAL,CG2,505,SER,HB3,7709,245000,3.1
ILE781_CA-PRO558_O,781,ILE,CA,558,PRO,O,45760,245000,18.7
SER782_N-PRO558_HG2,782,SER,N,558,PRO,HG2,16951,245000,6.9
SER782_HB3-VAL492_HA,782,SER,HB3,492,VAL,HA,32122,245000,13.1
SER782_OG-GLU506_HB2,782,SER,OG,506,GLU,HB2,18822,245000,7.7
ALA783_N-TRP476_HE1,783,ALA,N,476,TRP,HE1,30630,245000,12.5
LEU784_CA-TRP476_CZ2,784,LEU,CA,476,TRP,CZ2,35554,245000,14.5
LEU784_CA-TRP476_HH2,784,LEU,CA,476,TRP,HH2,18453,245000,7.5
GLU786_OE2-LYS469_NZ,786,GLU,OE2,469,LYS,NZ,37557,245000,15.3
GLU786_C-GLY490_N,786,GLU,C,490,GLY,N,20326,245000,8.3
VAL787_CA-GLY490_H,787,VAL,CA,490,GLY,H,34637,245000,14.1
LYS789_NZ-ALA513_O,789,LYS,NZ,513,ALA,O,7578,245000,3.1
LYS789_NZ-HIE514_HA,789,LYS,NZ,514,HIE,HA,23655,245000,9.7
LYS789_HZ1-ASP516_OD2,789,LYS,HZ1,516,ASP,OD2,23940,245000,9.8
LYS790_CE-TRP170_HZ2,790,LYS,CE,170,TRP,HZ2,51674,245000,21.1
LYS792_HZ1-ASP173_OD1,792,LYS,HZ1,173,ASP,OD1,42240,245000,17.2
LYS793_CA-ASP173_OD2,793,LYS,CA,173,ASP,OD2,27926,245000,11.4
SER796_CA-ARG458_HB3,796,SER,CA,458,ARG,HB3,7600,245000,3.1
PRO801_CG-ARG460_HA,801,PRO,CG,460,ARG,HA,64475,245000,26.3
PRO801_CA-ALA179_O,801,PRO,CA,179,ALA,O,40425,245000,16.5
CYS803_CA-ARG180_O,803,CYS,CA,180,ARG,O,23449,245000,9.6
CYS803_CB-ALA179_O,803,CYS,CB,179,ALA,O,22903,245000,9.3
THR813_HG1-LEU103_O,813,THR,HG1,103,LEU,O,45626,245000,18.6
THR813_HG1-ARG105_NH1,813,THR,HG1,105,ARG,NH1,54887,245000,22.4
THR813_HG1-ARG105_HH12,813,THR,HG1,105,ARG,HH12,74646,245000,30.5
THR813_HG1-ARG105_HH22,813,THR,HG1,105,ARG,HH22,65931,245000,26.9
THR813_C-ARG105_HH12,813,THR,C,105,ARG,HH12,72571,245000,29.6
THR813_C-ARG105_HH22,813,THR,C,105,ARG,HH22,57061,245000,23.3
SER816_OG-LEU103_HA,816,SER,OG,103,LEU,HA,32317,245000,13.2
PRO821_HD3-ILE96_HA,821,PRO,HD3,96,ILE,HA,61372,245000,25.0
PRO821_HD3-ILE96_HB,821,PRO,HD3,96,ILE,HB,34428,245000,14.1
PRO821_CG-PRO100_HA,821,PRO,CG,100,PRO,HA,44577,245000,18.2
PRO821_HB3-ILE96_HB,821,PRO,HB3,96,ILE,HB,72096,245000,29.4
SER822_CA-ILE96_HB,822,SER,CA,96,ILE,HB,40442,245000,16.5
SER822_CA-ILE96_O,822,SER,CA,96,ILE,O,54923,245000,22.4
SER822_HB3-GLY125_HA3,822,SER,HB3,125,GLY,HA3,59624,245000,24.3
SER822_HG-ARG124_HH11,822,SER,HG,124,ARG,HH11,56324,245000,23.0
SER822_C-ARG124_HH11,822,SER,C,124,ARG,HH11,53608,245000,21.9
PRO823_C-ASN97_HA,823,PRO,C,97,ASN,HA,16799,245000,6.9
THR824_N-ARG124_NH1,824,THR,N,124,ARG,NH1,34284,245000,14.0
THR824_N-ARG124_HH22,824,THR,N,124,ARG,HH22,45475,245000,18.6
THR825_N-ARG124_HH22,825,THR,N,124,ARG,HH22,68709,245000,28.0
THR825_H-ASN97_OD1,825,THR,H,97,ASN,OD1,47882,245000,19.5
THR825_CA-ASN97_CG,825,THR,CA,97,ASN,CG,41112,245000,16.8
ARG827_HH12-GLU891_HG3,827,ARG,HH12,891,GLU,HG3,75276,245000,30.7
ARG827_NH2-GLU891_HG3,827,ARG,NH2,891,GLU,HG3,41088,245000,16.8
SER836_C-PHE860_HB3,836,SER,C,860,PHE,HB3,64317,245000,26.3
PRO747_HB3-GLN660_OE1,747,PRO,HB3,660,GLN,OE1,46061,245000,18.8
GLU749_CA-GLN660_HE22,749,GLU,CA,660,GLN,HE22,15917,245000,6.5
GLU749_CG-GLN660_NE2,749,GLU,CG,660,GLN,NE2,28309,245000,11.6
GLU749_CG-GLN660_HE21,749,GLU,CG,660,GLN,HE21,63014,245000,25.7
GLU749_C-GLN660_HG3,749,GLU,C,660,GLN,HG3,41102,245000,16.8
GLU749_C-GLN660_NE2,749,GLU,C,660,GLN,NE2,39810,245000,16.2
GLU749_C-GLN660_HE22,749,GLU,C,660,GLN,HE22,62030,245000,25.3
GLY750_N-PRO295_HD3,750,GLY,N,295,PRO,HD3,82835,245000,33.8
PRO760_HD3-THR202_HB,760,PRO,HD3,202,THR,HB,18730,245000,7.6
THR765_HG1-ALA371_HA,765,THR,HG1,371,ALA,HA,90347,245000,36.9
SER769_H-SER304_HB2,769,SER,H,304,SER,HB2,7702,245000,3.1
SER769_HB3-PRO587_O,769,SER,HB3,587,PRO,O,7716,245000,3.1
SER769_OG-PRO299_HB2,769,SER,OG,299,PRO,HB2,11338,245000,4.6
SER769_OG-PRO587_HA,769,SER,OG,587,PRO,HA,9096,245000,3.7
SER769_HG-SER304_HB2,769,SER,HG,304,SER,HB2,8513,245000,3.5
LEU770_H-PRO587_O,770,LEU,H,587,PRO,O,8576,245000,3.5
ASN771_N-GLU588_HA,771,ASN,N,588,GLU,HA,8875,245000,3.6
ASN771_H-GLN589_HB2,771,ASN,H,589,GLN,HB2,8162,245000,3.3
ASN771_HD21-PRO303_HB3,771,ASN,HD21,303,PRO,HB3,9939,245000,4.1
ASN771_HD21-GLN589_OE1,771,ASN,HD21,589,GLN,OE1,9467,245000,3.9
LYS772_HZ1-ASP578_OD1,772,LYS,HZ1,578,ASP,OD1,84355,245000,34.4
LYS772_C-GLY579_O,772,LYS,C,579,GLY,O,7742,245000,3.2
THR775_CB-PRO303_HG3,775,THR,CB,303,PRO,HG3,10127,245000,4.1
LYS779_HB3-ARG560_HA,779,LYS,HB3,560,ARG,HA,67380,245000,27.5
VAL780_CB-ARG560_H,780,VAL,CB,560,ARG,H,17067,245000,7.0
VAL780_HG13-SER505_HB3,780,VAL,HG13,505,SER,HB3,7521,245000,3.1
SER782_C-GLU506_OE2,782,SER,C,506,GLU,OE2,8336,245000,3.4
LEU784_CA-TRP476_HZ2,784,LEU,CA,476,TRP,HZ2,8211,245000,3.4
LEU784_CB-TRP476_HH2,784,LEU,CB,476,TRP,HH2,15428,245000,6.3
GLU786_HB3-VAL492_HG22,786,GLU,HB3,492,VAL,HG22,8370,245000,3.4
GLU786_HB3-VAL492_HG23,786,GLU,HB3,492,VAL,HG23,7582,245000,3.1
LYS789_HZ1-PRO509_O,789,LYS,HZ1,509,PRO,O,7541,245000,3.1
LYS790_O-GLY490_HA2,790,LYS,O,490,GLY,HA2,8104,245000,3.3
LYS792_CG-TRP170_NE1,792,LYS,CG,170,TRP,NE1,8198,245000,3.3
LYS792_HG3-TRP170_HD1,792,LYS,HG3,170,TRP,HD1,26474,245000,10.8
LYS792_HG3-ASP173_OD1,792,LYS,HG3,173,ASP,OD1,41799,245000,17.1
LYS792_C-ASP168_O,792,LYS,C,168,ASP,O,59055,245000,24.1
LYS793_CE-SER151_HB2,793,LYS,CE,151,SER,HB2,9645,245000,3.9
THR813_CG2-ARG105_HH22,813,THR,CG2,105,ARG,HH22,34761,245000,14.2
PRO821_HB3-PRO126_HD2,821,PRO,HB3,126,PRO,HD2,7564,245000,3.1
PRO823_O-ARG124_HH12,823,PRO,O,124,ARG,HH12,7897,245000,3.2
ARG831_NH2-THR896_HG1,831,ARG,NH2,896,THR,HG1,57722,245000,23.6
ARG831_HH21-ASP897_OD2,831,ARG,HH21,897,ASP,OD2,48162,245000,19.7
GLU832_CB-PHE37_HD1,832,GLU,CB,37,PHE,HD1,7539,245000,3.1
PRO833_HB3-SER39_HA,833,PRO,HB3,39,SER,HA,30214,245000,12.3
PRO837_N-ARG40_HD2,837,PRO,N,40,ARG,HD2,39544,245000,16.1
PRO838_HG3-LEU46_HB2,838,PRO,HG3,46,LEU,HB2,59637,245000,24.3
ARG840_HD3-GLY857_O,840,ARG,HD3,857,GLY,O,42251,245000,17.2
PRO746_C-ARG661_HG3,746,PRO,C,661,ARG,HG3,16248,245000,6.6
PRO747_HD3-GLN660_C,747,PRO,HD3,660,GLN,C,25163,245000,10.3
PRO747_HB3-GLN660_HB3,747,PRO,HB3,660,GLN,HB3,28225,245000,11.5
PRO751_C-TYR701_OH,751,PRO,C,701,TYR,OH,35730,245000,14.6
LYS763_N-ILE292_HB,763,LYS,N,292,ILE,HB,38770,245000,15.8
THR765_C-THR374_HB,765,THR,C,374,THR,HB,76713,245000,31.3
ASN766_HD21-THR374_OG1,766,ASN,HD21,374,THR,OG1,39499,245000,16.1
SER769_C-PRO587_HA,769,SER,C,587,PRO,HA,17708,245000,7.2
ASN771_CB-HIE581_CG,771,ASN,CB,581,HIE,CG,115256,245000,47.0
ASN771_CB-HIE581_ND1,771,ASN,CB,581,HIE,ND1,91603,245000,37.4
ASN771_HB3-GLN589_OE1,771,ASN,HB3,589,GLN,OE1,63243,245000,25.8
ASN771_ND2-PRO303_HA,771,ASN,ND2,303,PRO,HA,126616,245000,51.7
ASN771_ND2-SER304_H,771,ASN,ND2,304,SER,H,127278,245000,52.0
ASN771_HD22-PRO303_HA,771,ASN,HD22,303,PRO,HA,121320,245000,49.5
ASN771_C-SER300_HA,771,ASN,C,300,SER,HA,94727,245000,38.7
LYS772_CA-HIE581_ND1,772,LYS,CA,581,HIE,ND1,131608,245000,53.7
LYS772_HG3-HIE581_ND1,772,LYS,HG3,581,HIE,ND1,10552,245000,4.3
LYS772_HG3-HIE581_HE1,772,LYS,HG3,581,HIE,HE1,8919,245000,3.6
LYS772_CE-ALA580_HA,772,LYS,CE,580,ALA,HA,36553,245000,14.9
THR775_HG1-TYR502_HE2,775,THR,HG1,502,TYR,HE2,62929,245000,25.7
THR775_C-TYR502_HE2,775,THR,C,502,TYR,HE2,37645,245000,15.4
THR775_C-TYR502_HD2,775,THR,C,502,TYR,HD2,100981,245000,41.2
LEU777_N-SER575_N,777,LEU,N,575,SER,N,106126,245000,43.3
LEU777_N-SER575_H,777,LEU,N,575,SER,H,133756,245000,54.6
LEU777_CB-SER575_CB,777,LEU,CB,575,SER,CB,7665,245000,3.1
GLY778_CA-TYR502_OH,778,GLY,CA,502,TYR,OH,124692,245000,50.9
GLY778_CA-TYR502_HH,778,GLY,CA,502,TYR,HH,90253,245000,36.8
GLY778_CA-TYR502_HE2,778,GLY,CA,502,TYR,HE2,88552,245000,36.1
GLY778_HA3-SER505_HG,778,GLY,HA3,505,SER,HG,50950,245000,20.8
LYS779_CE-GLN429_HB3,779,LYS,CE,429,GLN,HB3,57576,245000,23.5
LYS779_HE3-ASP578_HB3,779,LYS,HE3,578,ASP,HB3,46810,245000,19.1
LYS779_NZ-GLN429_O,779,LYS,NZ,429,GLN,O,55768,245000,22.8
LYS779_HZ1-ASP578_OD2,779,LYS,HZ1,578,ASP,OD2,80708,245000,32.9
LYS779_HZ2-GLU503_OE1,779,LYS,HZ2,503,GLU,OE1,23491,245000,9.6
LYS779_HZ3-GLU503_OE1,779,LYS,HZ3,503,GLU,OE1,23582,245000,9.6
VAL780_CG1-SER505_HB3,780,VAL,CG1,505,SER,HB3,40309,245000,16.5
ALA785_HB3-LEU491_HB3,785,ALA,HB3,491,LEU,HB3,8059,245000,3.3
ALA785_C-LEU491_HB3,785,ALA,C,491,LEU,HB3,7588,245000,3.1
LYS789_HZ1-ASP516_OD1,789,LYS,HZ1,516,ASP,OD1,16111,245000,6.6
LYS790_HB3-LEU491_HB2,790,LYS,HB3,491,LEU,HB2,8184,245000,3.3
LYS791_HB3-TRP170_CE3,791,LYS,HB3,170,TRP,CE3,8064,245000,3.3
LYS792_H-ASP173_OD1,792,LYS,H,173,ASP,OD1,7812,245000,3.2
THR797_N-ARG458_HB3,797,THR,N,458,ARG,HB3,16149,245000,6.6
SER798_N-LYS465_NZ,798,SER,N,465,LYS,NZ,7836,245000,3.2
PRO800_C-CYS459_O,800,PRO,C,459,CYS,O,7817,245000,3.2
PRO800_C-SER461_HA,800,PRO,C,461,SER,HA,7782,245000,3.2
PRO801_HG3-ASP248_HB2,801,PRO,HG3,248,ASP,HB2,16407,245000,6.7
THR813_HB-ARG105_HH22,813,THR,HB,105,ARG,HH22,17889,245000,7.3
ARG827_HH11-PRO59_HG2,827,ARG,HH11,59,PRO,HG2,7817,245000,3.2
ARG831_HH22-SER910_HB3,831,ARG,HH22,910,SER,HB3,8127,245000,3.3
ARG840_HD3-SER858_HB3,840,ARG,HD3,858,SER,HB3,7523,245000,3.1
ASN771_CA-HIE581_HB2,771,ASN,CA,581,HIE,HB2,73199,245000,29.9
ASN771_CA-GLN589_HB3,771,ASN,CA,589,GLN,HB3,16340,245000,6.7
ASN771_CB-HIE581_CB,771,ASN,CB,581,HIE,CB,75272,245000,30.7
ASN771_CB-HIE581_HB2,771,ASN,CB,581,HIE,HB2,81036,245000,33.1
ASN771_OD1-SER304_H,771,ASN,OD1,304,SER,H,107200,245000,43.8
ASN771_HD21-SER304_H,771,ASN,HD21,304,SER,H,37364,245000,15.3
ASN771_HD22-PHE302_O,771,ASN,HD22,302,PHE,O,102758,245000,41.9
ASN771_HD22-SER304_H,771,ASN,HD22,304,SER,H,64028,245000,26.1
ASN771_C-PRO299_O,771,ASN,C,299,PRO,O,102998,245000,42.0
ASN771_C-GLN589_HE21,771,ASN,C,589,GLN,HE21,28646,245000,11.7
LYS772_CA-HIE581_HB3,772,LYS,CA,581,HIE,HB3,100442,245000,41.0
LYS772_CA-HIE581_CG,772,LYS,CA,581,HIE,CG,63307,245000,25.8
LYS772_CE-GLY579_O,772,LYS,CE,579,GLY,O,16072,245000,6.6
SER773_CB-PRO303_HB3,773,SER,CB,303,PRO,HB3,61241,245000,25.0
SER773_CB-SER304_H,773,SER,CB,304,SER,H,76183,245000,31.1
SER773_CB-ALA305_O,773,SER,CB,305,ALA,O,16012,245000,6.5
SER773_OG-ALA305_O,773,SER,OG,305,ALA,O,23932,245000,9.8
SER773_HG-ALA305_H,773,SER,HG,305,ALA,H,61755,245000,25.2
LEU774_N-CYS306_HB2,774,LEU,N,306,CYS,HB2,93347,245000,38.1
LEU774_CA-PRO303_HB3,774,LEU,CA,303,PRO,HB3,59112,245000,24.1
LEU774_CB-THR307_HG1,774,LEU,CB,307,THR,HG1,86140,245000,35.2
LEU774_CG-ASP578_OD1,774,LEU,CG,578,ASP,OD1,8642,245000,3.5
THR775_N-PRO303_HG2,775,THR,N,303,PRO,HG2,73382,245000,30.0
THR775_N-PRO303_HG3,775,THR,N,303,PRO,HG3,41920,245000,17.1
THR776_HG1-LYS309_HG3,776,THR,HG1,309,LYS,HG3,89216,245000,36.4
THR776_C-LYS309_HG3,776,THR,C,309,LYS,HG3,80117,245000,32.7
LEU777_HB3-TYR502_OH,777,LEU,HB3,502,TYR,OH,15207,245000,6.2
GLY778_N-SER575_HG,778,GLY,N,575,SER,HG,39034,245000,15.9
GLY778_CA-TYR502_CZ,778,GLY,CA,502,TYR,CZ,23801,245000,9.7
GLY778_HA3-SER505_HB2,778,GLY,HA3,505,SER,HB2,44114,245000,18.0
GLY778_HA3-SER505_OG,778,GLY,HA3,505,SER,OG,72475,245000,29.6
GLY778_O-ARG560_HE,778,GLY,O,560,ARG,HE,68367,245000,27.9
LYS779_N-ARG560_NE,779,LYS,N,560,ARG,NE,109066,245000,44.5
LYS779_N-ARG560_HE,779,LYS,N,560,ARG,HE,119977,245000,49.0
LYS779_N-ARG560_NH2,779,LYS,N,560,ARG,NH2,17463,245000,7.1
LYS779_N-ARG560_HH21,779,LYS,N,560,ARG,HH21,106683,245000,43.5
LYS779_CB-GLN429_HB3,779,LYS,CB,429,GLN,HB3,44616,245000,18.2
LYS779_CB-GLN429_OE1,779,LYS,CB,429,GLN,OE1,15748,245000,6.4
LYS779_HB3-ARG560_HG3,779,LYS,HB3,560,ARG,HG3,93769,245000,38.3
LYS779_HZ1-ASP578_OD1,779,LYS,HZ1,578,ASP,OD1,28693,245000,11.7
VAL780_CG1-SER505_HA,780,VAL,CG1,505,SER,HA,19633,245000,8.0
VAL780_HG21-SER505_HB3,780,VAL,HG21,505,SER,HB3,7715,245000,3.1
VAL780_HG21-ARG560_HH21,780,VAL,HG21,560,ARG,HH21,23395,245000,9.5
VAL780_HG22-ARG560_HH21,780,VAL,HG22,560,ARG,HH21,24788,245000,10.1
VAL780_HG23-ARG560_HH21,780,VAL,HG23,560,ARG,HH21,23907,245000,9.8
VAL780_C-ARG560_HH21,780,VAL,C,560,ARG,HH21,23952,245000,9.8
ILE781_HG13-GLY559_HA3,781,ILE,HG13,559,GLY,HA3,9360,245000,3.8
SER782_HB2-ARG426_HH21,782,SER,HB2,426,ARG,HH21,9098,245000,3.7
SER782_HB3-TRP476_HA,782,SER,HB3,476,TRP,HA,20989,245000,8.6
SER782_HG-ARG426_HE,782,SER,HG,426,ARG,HE,10355,245000,4.2
SER782_HG-ARG426_NH2,782,SER,HG,426,ARG,NH2,75328,245000,30.7
SER782_HG-ARG426_HH21,782,SER,HG,426,ARG,HH21,107854,245000,44.0
SER782_C-ARG426_HE,782,SER,C,426,ARG,HE,9309,245000,3.8
SER782_C-ARG426_HH21,782,SER,C,426,ARG,HH21,87917,245000,35.9
SER782_C-LYS475_HG2,782,SER,C,475,LYS,HG2,18417,245000,7.5
ALA785_N-ALA513_HA,785,ALA,N,513,ALA,HA,26763,245000,10.9
ALA785_N-HIE514_H,785,ALA,N,514,HIE,H,26043,245000,10.6
SER788_CB-HIE514_HA,788,SER,CB,514,HIE,HA,22471,245000,9.2
SER788_CB-HIE514_HB3,788,SER,CB,514,HIE,HB3,19363,245000,7.9
SER788_HB3-HIE514_HB3,788,SER,HB3,514,HIE,HB3,22717,245000,9.3
SER788_OG-LEU491_HB2,788,SER,OG,491,LEU,HB2,21368,245000,8.7
SER788_C-PRO512_O,788,SER,C,512,PRO,O,27984,245000,11.4
LYS789_HG3-PRO509_HG2,789,LYS,HG3,509,PRO,HG2,16816,245000,6.9
LYS789_NZ-PRO509_O,789,LYS,NZ,509,PRO,O,24073,245000,9.8
LYS790_HE3-SER234_HB2,790,LYS,HE3,234,SER,HB2,16855,245000,6.9
LYS790_HZ1-SER234_OG,790,LYS,HZ1,234,SER,OG,82471,245000,33.7
LYS791_CB-TRP170_NE1,791,LYS,CB,170,TRP,NE1,17744,245000,7.2
LYS792_HZ1-ASP232_OD2,792,LYS,HZ1,232,ASP,OD2,8077,245000,3.3
PRO821_HG3-ARG105_HH21,821,PRO,HG3,105,ARG,HH21,16120,245000,6.6
THR825_CG2-PRO122_HB2,825,THR,CG2,122,PRO,HB2,15470,245000,6.3
PRO838_C-GLU861_CD,838,PRO,C,861,GLU,CD,7632,245000,3.1
ARG840_CG-GLN51_HB2,840,ARG,CG,51,GLN,HB2,65815,245000,26.9
GLU749_CA-ARG657_HH22,749,GLU,CA,657,ARG,HH22,18240,245000,7.4
GLU749_HB3-PRO295_HB3,749,GLU,HB3,295,PRO,HB3,26345,245000,10.8
GLU749_CD-GLN660_HE22,749,GLU,CD,660,GLN,HE22,9520,245000,3.9
GLY750_N-THR202_HG1,750,GLY,N,202,THR,HG1,7533,245000,3.1
PRO751_CG-LEU700_HB3,751,PRO,CG,700,LEU,HB3,17037,245000,7.0
PRO751_CB-LEU700_O,751,PRO,CB,700,LEU,O,31376,245000,12.8
PRO751_CA-LEU700_HB3,751,PRO,CA,700,LEU,HB3,21923,245000,8.9
ALA752_CA-TYR701_CZ,752,ALA,CA,701,TYR,CZ,20650,245000,8.4
ALA752_CA-TYR701_OH,752,ALA,CA,701,TYR,OH,28186,245000,11.5
ALA752_CA-TYR701_HH,752,ALA,CA,701,TYR,HH,21705,245000,8.9
ALA752_CA-TYR701_HE2,752,ALA,CA,701,TYR,HE2,29053,245000,11.9
PRO757_HD3-GLU222_HA,757,PRO,HD3,222,GLU,HA,21695,245000,8.9
PRO757_HG3-GLU222_HA,757,PRO,HG3,222,GLU,HA,8429,245000,3.4
PRO757_HG3-GLU222_HB2,757,PRO,HG3,222,GLU,HB2,16442,245000,6.7
PRO757_CB-TYR208_HA,757,PRO,CB,208,TYR,HA,19863,245000,8.1
PRO757_CB-LEU209_H,757,PRO,CB,209,LEU,H,8495,245000,3.5
PRO757_CB-LEU209_HB2,757,PRO,CB,209,LEU,HB2,8056,245000,3.3
PRO757_HB3-HIE204_HE1,757,PRO,HB3,204,HIE,HE1,8200,245000,3.3
PRO757_CA-LEU209_HB2,757,PRO,CA,209,LEU,HB2,16574,245000,6.8
PRO757_C-LEU209_HB2,757,PRO,C,209,LEU,HB2,26555,245000,10.8
PRO760_CG-HIE204_HB2,760,PRO,CG,204,HIE,HB2,10313,245000,4.2
PRO760_HG3-GLY294_H,760,PRO,HG3,294,GLY,H,18583,245000,7.6
VAL761_N-PHE293_HD1,761,VAL,N,293,PHE,HD1,7728,245000,3.2
SER762_CB-GLN660_NE2,762,SER,CB,660,GLN,NE2,16341,245000,6.7
LYS763_N-ILE292_HG12,763,LYS,N,292,ILE,HG12,24080,245000,9.8
LYS763_HE3-GLN660_HA,763,LYS,HE3,660,GLN,HA,7794,245000,3.2
PRO764_N-GLY297_HA3,764,PRO,N,297,GLY,HA3,7813,245000,3.2
PRO764_C-ILE292_HA,764,PRO,C,292,ILE,HA,8303,245000,3.4
THR765_HG22-ARG290_HG2,765,THR,HG22,290,ARG,HG2,7791,245000,3.2
THR765_HG23-ARG290_HG2,765,THR,HG23,290,ARG,HG2,7738,245000,3.2
THR765_OG1-ARG290_HG2,765,THR,OG1,290,ARG,HG2,7839,245000,3.2
THR765_HG1-THR374_HB,765,THR,HG1,374,THR,HB,8095,245000,3.3
SER769_HG-GLN589_HE22,769,SER,HG,589,GLN,HE22,27918,245000,11.4
ASN771_N-TYR590_HA,771,ASN,N,590,TYR,HA,70456,245000,28.8
ASN771_CA-GLN589_HG3,771,ASN,CA,589,GLN,HG3,53074,245000,21.7
ASN771_HD21-PRO299_O,771,ASN,HD21,299,PRO,O,68552,245000,28.0
LYS772_HD3-GLY579_O,772,LYS,HD3,579,GLY,O,26240,245000,10.7
LYS772_HD3-ALA580_HA,772,LYS,HD3,580,ALA,HA,58607,245000,23.9
LYS772_NZ-GLY579_O,772,LYS,NZ,579,GLY,O,18531,245000,7.6
LEU774_CG-ASP578_OD2,774,LEU,CG,578,ASP,OD2,37298,245000,15.2
THR775_N-PRO303_HB3,775,THR,N,303,PRO,HB3,48144,245000,19.7
THR775_CG2-THR307_HB,775,THR,CG2,307,THR,HB,74146,245000,30.3
LEU777_N-THR574_HA,777,LEU,N,574,THR,HA,65419,245000,26.7
SER782_CA-TRP476_HA,782,SER,CA,476,TRP,HA,16119,245000,6.6
SER782_HB3-TRP476_N,782,SER,HB3,476,TRP,N,7863,245000,3.2
SER782_HB3-TRP476_HB2,782,SER,HB3,476,TRP,HB2,32317,245000,13.2
SER782_C-LYS475_HB3,782,SER,C,475,LYS,HB3,53926,245000,22.0
ALA785_CB-PRO512_O,785,ALA,CB,512,PRO,O,8086,245000,3.3
LYS789_HB3-PRO509_HD2,789,LYS,HB3,509,PRO,HD2,8727,245000,3.6
LYS789_HB3-PRO509_HG2,789,LYS,HB3,509,PRO,HG2,8381,245000,3.4
LYS789_CG-PRO509_HG2,789,LYS,CG,509,PRO,HG2,8706,245000,3.6
LYS790_N-LEU491_HA,790,LYS,N,491,LEU,HA,15934,245000,6.5
LYS791_HZ3-ALA488_O,791,LYS,HZ3,488,ALA,O,7887,245000,3.2
LYS791_HZ3-VAL492_O,791,LYS,HZ3,492,VAL,O,60439,245000,24.7
PRO820_HB3-ILE96_O,820,PRO,HB3,96,ILE,O,7779,245000,3.2
ARG827_HE-PRO59_O,827,ARG,HE,59,PRO,O,19666,245000,8.0
ARG827_CZ-PRO59_O,827,ARG,CZ,59,PRO,O,24236,245000,9.9
ARG827_HH22-PRO59_HB2,827,ARG,HH22,59,PRO,HB2,19550,245000,8.0
ARG827_HH22-PRO59_O,827,ARG,HH22,59,PRO,O,17891,245000,7.3
VAL835_HG12-PHE57_HZ,835,VAL,HG12,57,PHE,HZ,16116,245000,6.6
SER836_N-PRO911_HB2,836,SER,N,911,PRO,HB2,34769,245000,14.2
PRO837_CB-PHE57_HD2,837,PRO,CB,57,PHE,HD2,19161,245000,7.8
PRO751_CA-LEU700_O,751,PRO,CA,700,LEU,O,8423,245000,3.4
PRO751_C-TYR701_CZ,751,PRO,C,701,TYR,CZ,8018,245000,3.3
ALA752_CA-TYR701_CE2,752,ALA,CA,701,TYR,CE2,7980,245000,3.3
PRO755_CA-TYR701_HB3,755,PRO,CA,701,TYR,HB3,7505,245000,3.1
ASN771_HB3-GLN589_HE21,771,ASN,HB3,589,GLN,HE21,19220,245000,7.8
ASN771_CG-SER304_HB3,771,ASN,CG,304,SER,HB3,7846,245000,3.2
ASN771_HD21-SER304_HB2,771,ASN,HD21,304,SER,HB2,7626,245000,3.1
SER773_HG-SER304_HB3,773,SER,HG,304,SER,HB3,7663,245000,3.1
LYS791_H-GLU489_O,791,LYS,H,489,GLU,O,56369,245000,23.0
LYS791_CB-TRP170_CE2,791,LYS,CB,170,TRP,CE2,8222,245000,3.4
LYS791_CG-TRP170_CE3,791,LYS,CG,170,TRP,CE3,17865,245000,7.3
LYS791_CD-GLY490_O,791,LYS,CD,490,GLY,O,33531,245000,13.7
LYS791_HD3-GLU489_HA,791,LYS,HD3,489,GLU,HA,27120,245000,11.1
LYS791_NZ-ASP494_HA,791,LYS,NZ,494,ASP,HA,20817,245000,8.5
LYS791_HZ2-VAL492_O,791,LYS,HZ2,492,VAL,O,52381,245000,21.4
LYS792_CG-TRP170_HD1,792,LYS,CG,170,TRP,HD1,25910,245000,10.6
LYS792_HG3-ASP173_OD2,792,LYS,HG3,173,ASP,OD2,20110,245000,8.2
LYS792_HZ3-ASP168_O,792,LYS,HZ3,168,ASP,O,51795,245000,21.1
LYS793_HG3-ARG458_NH2,793,LYS,HG3,458,ARG,NH2,7734,245000,3.2
LYS793_NZ-ARG458_NH2,793,LYS,NZ,458,ARG,NH2,33624,245000,13.7
THR794_CB-GLU489_HG2,794,THR,CB,489,GLU,HG2,7631,245000,3.1
SER796_N-ARG458_HD2,796,SER,N,458,ARG,HD2,8546,245000,3.5
CYS803_CB-GLY182_H,803,CYS,CB,182,GLY,H,39630,245000,16.2
CYS803_CB-GLY182_CA,803,CYS,CB,182,GLY,CA,7526,245000,3.1
PRO817_C-ASN101_HA,817,PRO,C,101,ASN,HA,63709,245000,26.0
THR824_H-ASN97_OD1,824,THR,H,97,ASN,OD1,8028,245000,3.3
THR825_CG2-ARG94_NH1,825,THR,CG2,94,ARG,NH1,8327,245000,3.4
THR825_CG2-ARG94_HH11,825,THR,CG2,94,ARG,HH11,11420,245000,4.7
THR825_C-ARG58_HE,825,THR,C,58,ARG,HE,8869,245000,3.6
THR825_C-GLU60_OE2,825,THR,C,60,GLU,OE2,9133,245000,3.7
PRO826_HD3-PRO122_HB3,826,PRO,HD3,122,PRO,HB3,8671,245000,3.5
PRO826_CB-THR123_OG1,826,PRO,CB,123,THR,OG1,7693,245000,3.1
ARG827_HG3-GLU60_HB3,827,ARG,HG3,60,GLU,HB3,9256,245000,3.8
ARG827_HH21-PRO59_HB2,827,ARG,HH21,59,PRO,HB2,8856,245000,3.6
PRO828_CG-GLU60_HB2,828,PRO,CG,60,GLU,HB2,36284,245000,14.8
GLU832_CB-PHE37_HD2,832,GLU,CB,37,PHE,HD2,16151,245000,6.6
GLU832_CG-PRO59_HG2,832,GLU,CG,59,PRO,HG2,9382,245000,3.8
VAL835_HG13-PHE57_HZ,835,VAL,HG13,57,PHE,HZ,8752,245000,3.6
VAL835_CG2-PHE57_HZ,835,VAL,CG2,57,PHE,HZ,8803,245000,3.6
PRO838_HD2-THR43_HB,838,PRO,HD2,43,THR,HB,7584,245000,3.1
PRO838_HD3-LEU55_HD12,838,PRO,HD3,55,LEU,HD12,15292,245000,6.2
PRO838_HD3-LEU55_HD13,838,PRO,HD3,55,LEU,HD13,23290,245000,9.5
ALA839_N-ARG53_HB2,839,ALA,N,53,ARG,HB2,18407,245000,7.5
ALA839_CB-ARG53_H,839,ALA,CB,53,ARG,H,27240,245000,11.1
ALA839_CB-ARG53_HB2,839,ALA,CB,53,ARG,HB2,23146,245000,9.4
ALA839_O-ARG53_H,839,ALA,O,53,ARG,H,16565,245000,6.8
ARG840_N-ARG53_N,840,ARG,N,53,ARG,N,22052,245000,9.0
THR841_CA-GLN51_CD,841,THR,CA,51,GLN,CD,48922,245000,20.0
THR841_CA-GLN51_HE21,841,THR,CA,51,GLN,HE21,25779,245000,10.5
THR841_HG1-GLN51_HE21,841,THR,HG1,51,GLN,HE21,18664,245000,7.6
THR841_C-GLN51_HE21,841,THR,C,51,GLN,HE21,18075,245000,7.4
SER769_C-GLN589_HE22,769,SER,C,589,GLN,HE22,10015,245000,4.1
LEU770_N-SER304_HG,770,LEU,N,304,SER,HG,9721,245000,4.0
ASN771_N-GLN589_HG3,771,ASN,N,589,GLN,HG3,10462,245000,4.3
ASN771_HB3-GLN589_CD,771,ASN,HB3,589,GLN,CD,7779,245000,3.2
ASN771_HB3-GLN589_NE2,771,ASN,HB3,589,GLN,NE2,9724,245000,4.0
ASN771_CG-SER304_HG,771,ASN,CG,304,SER,HG,46731,245000,19.1
LYS772_HE3-PRO684_HB2,772,LYS,HE3,684,PRO,HB2,17627,245000,7.2
SER773_CB-ALA305_H,773,SER,CB,305,ALA,H,37342,245000,15.2
SER773_HB3-GLN433_HE22,773,SER,HB3,433,GLN,HE22,8789,245000,3.6
LEU774_N-CYS306_HB3,774,LEU,N,306,CYS,HB3,11487,245000,4.7
LEU774_N-GLN433_HE22,774,LEU,N,433,GLN,HE22,10424,245000,4.3
LEU774_CD1-GLN433_NE2,774,LEU,CD1,433,GLN,NE2,8585,245000,3.5
LEU774_CD1-GLN433_HE22,774,LEU,CD1,433,GLN,HE22,28259,245000,11.5
THR775_CB-PRO303_HG2,775,THR,CB,303,PRO,HG2,62790,245000,25.6
THR775_CB-THR308_HA,775,THR,CB,308,THR,HA,52462,245000,21.4
THR775_C-LYS309_HE2,775,THR,C,309,LYS,HE2,34999,245000,14.3
THR776_O-SER575_H,776,THR,O,575,SER,H,31812,245000,13.0
GLY778_HA3-SER505_HB3,778,GLY,HA3,505,SER,HB3,33771,245000,13.8
LYS779_CE-GLN429_O,779,LYS,CE,429,GLN,O,17250,245000,7.0
ILE781_CD1-GLY559_HA3,781,ILE,CD1,559,GLY,HA3,15999,245000,6.5
SER782_CA-ARG426_HH21,782,SER,CA,426,ARG,HH21,60005,245000,24.5
SER788_HG-LEU491_H,788,SER,HG,491,LEU,H,9279,245000,3.8
SER788_C-LEU491_H,788,SER,C,491,LEU,H,8038,245000,3.3
LYS790_HZ2-ASP494_OD1,790,LYS,HZ2,494,ASP,OD1,42681,245000,17.4
LYS790_HZ3-ASP494_OD1,790,LYS,HZ3,494,ASP,OD1,42600,245000,17.4
LYS790_C-ASP494_OD1,790,LYS,C,494,ASP,OD1,42109,245000,17.2
LYS791_CG-TRP170_CD2,791,LYS,CG,170,TRP,CD2,7692,245000,3.1
LEU812_N-ARG143_HB3,812,LEU,N,143,ARG,HB3,38852,245000,15.9
LEU812_N-ARG143_NE,812,LEU,N,143,ARG,NE,18267,245000,7.5
LEU812_N-ARG143_HE,812,LEU,N,143,ARG,HE,43997,245000,18.0
LEU812_N-ARG143_HH21,812,LEU,N,143,ARG,HH21,20435,245000,8.3
LEU812_CA-ARG143_HB3,812,LEU,CA,143,ARG,HB3,16510,245000,6.7
LEU812_CA-ARG143_O,812,LEU,CA,143,ARG,O,40188,245000,16.4
LEU812_CB-HIE104_HB2,812,LEU,CB,104,HIE,HB2,16788,245000,6.9
LEU812_CB-HIE104_HD2,812,LEU,CB,104,HIE,HD2,29857,245000,12.2
LEU812_CG-LEU103_HG,812,LEU,CG,103,LEU,HG,20456,245000,8.3
THR813_CG2-LEU103_HA,813,THR,CG2,103,LEU,HA,17665,245000,7.2
THR813_CG2-LEU103_O,813,THR,CG2,103,LEU,O,56496,245000,23.1
PRO820_CG-PRO100_HB3,820,PRO,CG,100,PRO,HB3,60608,245000,24.7
PRO820_HB3-ILE96_HB,820,PRO,HB3,96,ILE,HB,54929,245000,22.4
PRO820_CA-PRO100_HA,820,PRO,CA,100,PRO,HA,63074,245000,25.7
PRO821_CG-VAL102_HB,821,PRO,CG,102,VAL,HB,25747,245000,10.5
PRO821_CG-VAL102_O,821,PRO,CG,102,VAL,O,29579,245000,12.1
PRO821_CA-THR144_HB,821,PRO,CA,144,THR,HB,54977,245000,22.4
SER822_HB3-ALA127_H,822,SER,HB3,127,ALA,H,45517,245000,18.6
SER822_HG-GLY125_HA3,822,SER,HG,125,GLY,HA3,41840,245000,17.1
THR824_CG2-ASN97_OD1,824,THR,CG2,97,ASN,OD1,43011,245000,17.6
THR825_N-ARG124_NE,825,THR,N,124,ARG,NE,47062,245000,19.2
THR825_CG2-THR123_H,825,THR,CG2,123,THR,H,16073,245000,6.6
THR825_HG23-ASN97_HD21,825,THR,HG23,97,ASN,HD21,24392,245000,10.0
THR825_OG1-ASN97_HD21,825,THR,OG1,97,ASN,HD21,24216,245000,9.9
THR825_HG1-THR123_H,825,THR,HG1,123,THR,H,70991,245000,29.0
THR825_C-THR123_H,825,THR,C,123,THR,H,68844,245000,28.1
THR825_C-THR123_OG1,825,THR,C,123,THR,OG1,51693,245000,21.1
THR825_C-THR123_HG1,825,THR,C,123,THR,HG1,45725,245000,18.7
PRO826_N-ASN97_HD21,826,PRO,N,97,ASN,HD21,60786,245000,24.8
PRO826_HD3-THR123_OG1,826,PRO,HD3,123,THR,OG1,52172,245000,21.3
PRO826_HD3-THR123_HG1,826,PRO,HD3,123,THR,HG1,48255,245000,19.7
ARG831_N-PHE37_HZ,831,ARG,N,37,PHE,HZ,7814,245000,3.2
PHE737_CE2-ARG657_HE,737,PHE,CE2,657,ARG,HE,39016,245000,15.9
PRO746_CA-ARG661_CB,746,PRO,CA,661,ARG,CB,16055,245000,6.6
PRO751_CB-TYR701_HA,751,PRO,CB,701,TYR,HA,7539,245000,3.1
THR759_CB-HIE204_HB3,759,THR,CB,204,HIE,HB3,49730,245000,20.3
LEU770_CG-VAL591_HB,770,LEU,CG,591,VAL,HB,35774,245000,14.6
ASN771_CG-SER304_OG,771,ASN,CG,304,SER,OG,30421,245000,12.4
LYS772_H-HIE581_HB3,772,LYS,H,581,HIE,HB3,19613,245000,8.0
LYS772_HD3-PRO684_HG3,772,LYS,HD3,684,PRO,HG3,18414,245000,7.5
LYS772_HD3-PRO684_HB3,772,LYS,HD3,684,PRO,HB3,17558,245000,7.2
LYS772_CE-PRO684_HB2,772,LYS,CE,684,PRO,HB2,24564,245000,10.0
LYS772_NZ-ASP578_O,772,LYS,NZ,578,ASP,O,18287,245000,7.5
LYS772_HZ2-SER575_O,772,LYS,HZ2,575,SER,O,24780,245000,10.1
LYS772_HZ3-SER575_O,772,LYS,HZ3,575,SER,O,24351,245000,9.9
LYS772_C-SER575_O,772,LYS,C,575,SER,O,25287,245000,10.3
SER773_N-GLN433_HE22,773,SER,N,433,GLN,HE22,46170,245000,18.8
SER773_CA-SER304_H,773,SER,CA,304,SER,H,32872,245000,13.4
SER773_CB-SER304_N,773,SER,CB,304,SER,N,34408,245000,14.0
SER773_HG-CYS306_H,773,SER,HG,306,CYS,H,33394,245000,13.6
LEU774_CB-THR307_OG1,774,LEU,CB,307,THR,OG1,20606,245000,8.4
THR775_HG1-LYS309_HE2,775,THR,HG1,309,LYS,HE2,9238,245000,3.8
THR775_HG1-TYR502_HD2,775,THR,HG1,502,TYR,HD2,24292,245000,9.9
THR775_C-LYS309_HG2,775,THR,C,309,LYS,HG2,29042,245000,11.9
THR776_CA-LYS309_HG2,776,THR,CA,309,LYS,HG2,23961,245000,9.8
THR776_CG2-THR574_HG1,776,THR,CG2,574,THR,HG1,8729,245000,3.6
GLY778_CA-ARG560_HH21,778,GLY,CA,560,ARG,HH21,7848,245000,3.2
GLY778_C-GLU503_CD,778,GLY,C,503,GLU,CD,15119,245000,6.2
LYS779_CB-GLN429_HE22,779,LYS,CB,429,GLN,HE22,35370,245000,14.4
LYS779_CG-ARG560_HA,779,LYS,CG,560,ARG,HA,9611,245000,3.9
LYS779_HG3-THR577_HB,779,LYS,HG3,577,THR,HB,13339,245000,5.4
LYS779_HD3-ASP578_HB3,779,LYS,HD3,578,ASP,HB3,7693,245000,3.1
LYS779_NZ-SER575_HG,779,LYS,NZ,575,SER,HG,10198,245000,4.2
LYS779_NZ-ASP578_OD1,779,LYS,NZ,578,ASP,OD1,9359,245000,3.8
LYS779_C-ASP578_OD2,779,LYS,C,578,ASP,OD2,7517,245000,3.1
ILE781_CG2-PRO558_HB2,781,ILE,CG2,558,PRO,HB2,20599,245000,8.4
SER782_CA-ARG426_NH2,782,SER,CA,426,ARG,NH2,37899,245000,15.5
SER782_HG-LYS475_HB3,782,SER,HG,475,LYS,HB3,36279,245000,14.8
SER788_N-ALA513_HA,788,SER,N,513,ALA,HA,49221,245000,20.1
SER788_N-HIE514_H,788,SER,N,514,HIE,H,49867,245000,20.4
SER788_CB-PRO512_O,788,SER,CB,512,PRO,O,52543,245000,21.4
SER788_CB-ALA513_HA,788,SER,CB,513,ALA,HA,57070,245000,23.3
SER788_HB3-LEU491_HB2,788,SER,HB3,491,LEU,HB2,19035,245000,7.8
SER788_HG-LEU491_HB2,788,SER,HG,491,LEU,HB2,8413,245000,3.4
LYS789_CA-PRO512_O,789,LYS,CA,512,PRO,O,58962,245000,24.1
LYS789_HD3-PRO509_HD2,789,LYS,HD3,509,PRO,HD2,40309,245000,16.5
LYS789_HD3-GLU511_O,789,LYS,HD3,511,GLU,O,24153,245000,9.9
LYS789_CE-PRO509_HG2,789,LYS,CE,509,PRO,HG2,31530,245000,12.9
LYS790_HE3-SER234_HB3,790,LYS,HE3,234,SER,HB3,17301,245000,7.1
THR794_N-ARG458_HD2,794,THR,N,458,ARG,HD2,40066,245000,16.4
SER816_HB3-LEU103_HA,816,SER,HB3,103,LEU,HA,18449,245000,7.5
SER816_HG-LEU103_HA,816,SER,HG,103,LEU,HA,8548,245000,3.5
SER816_C-LEU103_HA,816,SER,C,103,LEU,HA,9817,245000,4.0
PRO817_HB3-ASN101_HA,817,PRO,HB3,101,ASN,HA,8887,245000,3.6
PRO820_C-PRO100_O,820,PRO,C,100,PRO,O,8592,245000,3.5
THR824_HG1-ARG124_HH21,824,THR,HG1,124,ARG,HH21,8412,245000,3.4
THR825_HG21-ASN97_HD21,825,THR,HG21,97,ASN,HD21,16697,245000,6.8
THR825_HG22-ASN97_HD21,825,THR,HG22,97,ASN,HD21,16409,245000,6.7
ARG831_HH21-ASP897_OD1,831,ARG,HH21,897,ASP,OD1,8206,245000,3.3
SER836_CA-ARG40_HB2,836,SER,CA,40,ARG,HB2,16391,245000,6.7
ARG840_HD3-SER858_OG,840,ARG,HD3,858,SER,OG,16443,245000,6.7
ARG840_HD3-SER858_HG,840,ARG,HD3,858,SER,HG,34050,245000,13.9
ARG840_HH22-PRO52_HG3,840,ARG,HH22,52,PRO,HG3,8057,245000,3.3
ARG840_C-PRO52_HG3,840,ARG,C,52,PRO,HG3,7832,245000,3.2
GLU749_C-HIE653_NE2,749,GLU,C,653,HIE,NE2,19432,245000,7.9
THR765_CG2-PHE442_HE1,765,THR,CG2,442,PHE,HE1,21250,245000,8.7
PRO767_HD3-GLY586_HA2,767,PRO,HD3,586,GLY,HA2,15850,245000,6.5
PRO768_N-GLN589_HE21,768,PRO,N,589,GLN,HE21,20172,245000,8.2
LEU770_N-GLN589_HE22,770,LEU,N,589,GLN,HE22,16511,245000,6.7
ASN771_HB3-GLN589_HG3,771,ASN,HB3,589,GLN,HG3,9172,245000,3.7
SER773_CB-SER304_OG,773,SER,CB,304,SER,OG,18617,245000,7.6
SER773_OG-GLN433_HG2,773,SER,OG,433,GLN,HG2,19239,245000,7.9
SER773_OG-GLN433_HG3,773,SER,OG,433,GLN,HG3,17439,245000,7.1
SER773_C-ALA305_H,773,SER,C,305,ALA,H,26076,245000,10.6
SER773_C-CYS306_H,773,SER,C,306,CYS,H,22010,245000,9.0
LEU774_CD1-GLN433_HG3,774,LEU,CD1,433,GLN,HG3,17849,245000,7.3
LEU774_HD22-ARG436_HD2,774,LEU,HD22,436,ARG,HD2,7899,245000,3.2
LEU774_HD23-ARG436_HD2,774,LEU,HD23,436,ARG,HD2,8006,245000,3.3
LEU774_C-ARG436_HD2,774,LEU,C,436,ARG,HD2,7964,245000,3.3
THR775_CB-THR307_O,775,THR,CB,307,THR,O,7927,245000,3.2
SER782_CA-ARG426_HH22,782,SER,CA,426,ARG,HH22,17521,245000,7.2
ALA783_CA-LEU491_HB3,783,ALA,CA,491,LEU,HB3,34316,245000,14.0
LEU784_N-LEU491_H,784,LEU,N,491,LEU,H,36052,245000,14.7
LEU784_N-LEU491_HB3,784,LEU,N,491,LEU,HB3,24112,245000,9.8
LYS789_CD-ALA513_O,789,LYS,CD,513,ALA,O,18840,245000,7.7
LYS791_HG3-GLU489_HA,791,LYS,HG3,489,GLU,HA,8251,245000,3.4
LYS791_CD-GLU489_HA,791,LYS,CD,489,GLU,HA,18464,245000,7.5
LYS792_HZ2-ASP173_OD1,792,LYS,HZ2,173,ASP,OD1,7961,245000,3.2
LYS792_C-ASP173_OD1,792,LYS,C,173,ASP,OD1,7580,245000,3.1
LEU812_CB-LEU103_HB3,812,LEU,CB,103,LEU,HB3,8231,245000,3.4
PRO820_CA-PRO100_HB3,820,PRO,CA,100,PRO,HB3,7958,245000,3.2
PRO821_HD3-ARG105_HH11,821,PRO,HD3,105,ARG,HH11,8506,245000,3.5
PRO821_HG3-ARG105_HH11,821,PRO,HG3,105,ARG,HH11,10287,245000,4.2
SER822_HB2-ALA127_H,822,SER,HB2,127,ALA,H,15536,245000,6.3
PRO823_HD3-PRO126_HD2,823,PRO,HD3,126,PRO,HD2,28999,245000,11.8
THR825_HG1-PRO122_HA,825,THR,HG1,122,PRO,HA,25527,245000,10.4
ARG827_CB-GLU60_HB3,827,ARG,CB,60,GLU,HB3,25822,245000,10.5
GLU832_CD-PRO59_HG3,832,GLU,CD,59,PRO,HG3,8757,245000,3.6
PRO838_HD3-LEU55_HD11,838,PRO,HD3,55,LEU,HD11,15517,245000,6.3
PRO838_CB-THR43_HB,838,PRO,CB,43,THR,HB,8411,245000,3.4
ALA839_CB-ARG53_HG3,839,ALA,CB,53,ARG,HG3,16109,245000,6.6
ARG840_N-ARG53_HG2,840,ARG,N,53,ARG,HG2,16336,245000,6.7
ARG840_HG3-SER858_HA,840,ARG,HG3,858,SER,HA,27275,245000,11.1
ARG840_HD3-GLY857_C,840,ARG,HD3,857,GLY,C,30382,245000,12.4
ARG840_HD3-SER858_N,840,ARG,HD3,858,SER,N,27639,245000,11.3
ARG840_NE-SER858_HG,840,ARG,NE,858,SER,HG,25940,245000,10.6
THR841_CB-ILE47_HB,841,THR,CB,47,ILE,HB,39839,245000,16.3
PHE737_CE2-ARG657_NE,737,PHE,CE2,657,ARG,NE,17227,245000,7.0
GLY750_C-THR202_HB,750,GLY,C,202,THR,HB,8455,245000,3.5
SER773_N-GLN433_NE2,773,SER,N,433,GLN,NE2,8715,245000,3.6
LEU774_N-THR307_H,774,LEU,N,307,THR,H,13026,245000,5.3
LEU774_CB-THR307_H,774,LEU,CB,307,THR,H,11059,245000,4.5
THR775_H-THR307_OG1,775,THR,H,307,THR,OG1,7573,245000,3.1
THR775_CG2-THR307_OG1,775,THR,CG2,307,THR,OG1,9838,245000,4.0
THR775_HG22-GLU503_HB2,775,THR,HG22,503,GLU,HB2,7584,245000,3.1
GLY778_HA3-GLU503_HB3,778,GLY,HA3,503,GLU,HB3,10104,245000,4.1
LYS779_H-GLU503_HG2,779,LYS,H,503,GLU,HG2,7562,245000,3.1
LYS779_CG-PHE430_HE1,779,LYS,CG,430,PHE,HE1,8789,245000,3.6
LYS779_NZ-THR577_HB,779,LYS,NZ,577,THR,HB,7766,245000,3.2
VAL780_CG1-ARG560_NH2,780,VAL,CG1,560,ARG,NH2,18597,245000,7.6
VAL780_CG1-ARG560_HH21,780,VAL,CG1,560,ARG,HH21,22476,245000,9.2
VAL780_HG12-GLU506_HB2,780,VAL,HG12,506,GLU,HB2,15343,245000,6.3
VAL780_CG2-GLU506_HB2,780,VAL,CG2,506,GLU,HB2,7561,245000,3.1
ILE781_HG21-TRP476_HA,781,ILE,HG21,476,TRP,HA,9038,245000,3.7
ILE781_HG22-TRP476_HA,781,ILE,HG22,476,TRP,HA,9595,245000,3.9
ILE781_HG23-TRP476_HA,781,ILE,HG23,476,TRP,HA,9356,245000,3.8
ILE781_CG1-TRP476_HA,781,ILE,CG1,476,TRP,HA,10130,245000,4.1
SER782_OG-ARG426_HH22,782,SER,OG,426,ARG,HH22,7695,245000,3.1
ALA783_N-TRP476_HB2,783,ALA,N,476,TRP,HB2,7677,245000,3.1
GLU786_N-HIE514_HE2,786,GLU,N,514,HIE,HE2,17139,245000,7.0
LYS789_H-PRO512_O,789,LYS,H,512,PRO,O,20334,245000,8.3
LYS789_CD-PRO512_O,789,LYS,CD,512,PRO,O,8194,245000,3.3
LYS792_N-SER172_HG,792,LYS,N,172,SER,HG,22901,245000,9.3
LYS792_CA-ARG458_NH1,792,LYS,CA,458,ARG,NH1,19038,245000,7.8
LYS793_NZ-ARG458_HH22,793,LYS,NZ,458,ARG,HH22,8948,245000,3.7
ARG827_HH11-GLU891_OE2,827,ARG,HH11,891,GLU,OE2,7520,245000,3.1
ARG840_HE-GLU17_OE1,840,ARG,HE,17,GLU,OE1,9822,245000,4.0
ARG840_HH21-PRO52_HB3,840,ARG,HH21,52,PRO,HB3,7942,245000,3.2
THR841_N-ILE47_HB,841,THR,N,47,ILE,HB,8304,245000,3.4
THR841_CG2-GLN51_HE21,841,THR,CG2,51,GLN,HE21,17688,245000,7.2
PHE714_CE2-PRO538_HB3,714,PHE,CE2,538,PRO,HB3,7765,245000,3.2
PRO760_CG-HIE204_HB3,760,PRO,CG,204,HIE,HB3,10407,245000,4.2
PRO767_HD3-PRO587_HD3,767,PRO,HD3,587,PRO,HD3,9085,245000,3.7
SER773_HB3-GLN433_HG3,773,SER,HB3,433,GLN,HG3,8167,245000,3.3
LEU774_CD1-GLN433_HB3,774,LEU,CD1,433,GLN,HB3,8877,245000,3.6
SER782_OG-VAL492_HB,782,SER,OG,492,VAL,HB,7633,245000,3.1
LEU784_N-GLY490_HA3,784,LEU,N,490,GLY,HA3,7630,245000,3.1
LEU784_CB-GLY490_HA3,784,LEU,CB,490,GLY,HA3,9286,245000,3.8
LYS791_HG3-GLY490_O,791,LYS,HG3,490,GLY,O,9948,245000,4.1
LYS791_HD3-PRO456_HD2,791,LYS,HD3,456,PRO,HD2,7607,245000,3.1
VAL802_CA-ALA179_O,802,VAL,CA,179,ALA,O,8500,245000,3.5
PRO837_HG3-ARG888_HA,837,PRO,HG3,888,ARG,HA,8866,245000,3.6
